id,Año,Trimestre,Provincia,ADSL,Cablemodem,Fibra óptica,Wireless,Dial up,Otros,Total
20223Buenos Aires,2022.0,3.0,Buenos Aires,339648.0,2748325.0,1436433.0,126846.0,6199.0,64217.0,4721668.0
20223Capital Federal,2022.0,3.0,Capital Federal,140791.0,1240125.0,129218.0,5758.0,2145.0,29642.0,1547679.0
20223Catamarca,2022.0,3.0,Catamarca,10010.0,10495.0,46224.0,1329.0,1.0,2234.0,70293.0
20223Chaco,2022.0,3.0,Chaco,27164.0,61800.0,44645.0,8178.0,5.0,2354.0,144146.0
20223Chubut,2022.0,3.0,Chubut,45377.0,72212.0,9574.0,29784.0,904.0,7927.0,165778.0
20223Córdoba,2022.0,3.0,Córdoba,163770.0,465461.0,338570.0,6107.0,68.0,9729.0,1038668.0
20223Corrientes,2022.0,3.0,Corrientes,36508.0,77140.0,18619.0,7256.0,4.0,5319.0,144846.0
20223Entre Ríos,2022.0,3.0,Entre Ríos,60345.0,132952.0,36971.0,26098.0,22.0,12571.0,268959.0
20223Formosa,2022.0,3.0,Formosa,14470.0,25880.0,11041.0,16935.0,1.0,2119.0,68538.0
20223Jujuy,2022.0,3.0,Jujuy,19257.0,52978.0,40172.0,4033.0,,,118823.0
20223La Pampa,2022.0,3.0,La Pampa,7796.0,60078.0,23551.0,20216.0,171.0,4280.0,116092.0
20223La Rioja,2022.0,3.0,La Rioja,6842.0,53899.0,19697.0,6395.0,4.0,306.0,86864.0
20223Mendoza,2022.0,3.0,Mendoza,37659.0,78858.0,142615.0,27625.0,777.0,1989.0,289523.0
20223Misiones,2022.0,3.0,Misiones,35513.0,88902.0,39046.0,11074.0,,,182157.0
20223Neuquén,2022.0,3.0,Neuquén,29352.0,75815.0,29396.0,27482.0,468.0,648.0,163161.0
20223Río Negro,2022.0,3.0,Río Negro,35552.0,48260.0,41017.0,1676.0,548.0,18421.0,160558.0
20223Salta,2022.0,3.0,Salta,40006.0,96984.0,50254.0,10082.0,5.0,7210.0,204541.0
20223San Juan,2022.0,3.0,San Juan,38570.0,22723.0,12328.0,2186.0,281.0,7637.0,103399.0
20223San Luis,2022.0,3.0,San Luis,6860.0,29363.0,248.0,70614.0,182.0,14803.0,122070.0
20223Santa Cruz,2022.0,3.0,Santa Cruz,10170.0,24047.0,10815.0,3896.0,198.0,5622.0,49510.0
20223Santa Fe,2022.0,3.0,Santa Fe,183740.0,426255.0,215189.0,43079.0,110.0,19437.0,887810.0
20223Santiago Del Estero,2022.0,3.0,Santiago Del Estero,15385.0,80937.0,13170.0,6618.0,2.0,2920.0,119032.0
20223Tierra Del Fuego,2022.0,3.0,Tierra Del Fuego,12754.0,39963.0,403.0,1250.0,312.0,6198.0,53896.0
20223Tucumán,2022.0,3.0,Tucumán,77738.0,18518.0,162345.0,3997.0,30.0,5160.0,263117.0
20222Buenos Aires,2022.0,2.0,Buenos Aires,350652.0,2719613.0,1399043.0,126847.0,6199.0,64829.0,4667183.0
20222Capital Federal,2022.0,2.0,Capital Federal,145491.0,1232226.0,121506.0,5757.0,2145.0,29646.0,1536771.0
20222Catamarca,2022.0,2.0,Catamarca,11928.0,9430.0,42087.0,1329.0,1.0,2233.0,67008.0
20222Chaco,2022.0,2.0,Chaco,29552.0,61284.0,42194.0,8178.0,5.0,2351.0,143564.0
20222Chubut,2022.0,2.0,Chubut,45377.0,69242.0,9574.0,29784.0,904.0,7924.0,162805.0
20222Córdoba,2022.0,2.0,Córdoba,179181.0,467595.0,308895.0,61107.0,68.0,9589.0,1026435.0
20222Corrientes,2022.0,2.0,Corrientes,38468.0,75769.0,18181.0,7256.0,4.0,5319.0,144997.0
20222Entre Ríos,2022.0,2.0,Entre Ríos,63794.0,131029.0,35839.0,26098.0,22.0,12570.0,269352.0
20222Formosa,2022.0,2.0,Formosa,15397.0,25487.0,9875.0,1691.0,,,67881.0
20222Jujuy,2022.0,2.0,Jujuy,20303.0,54495.0,34184.0,3955.0,,,115314.0
20222La Pampa,2022.0,2.0,La Pampa,7796.0,59273.0,22994.0,202.0,171.0,1093.0,111527.0
20222La Rioja,2022.0,2.0,La Rioja,7759.0,52656.0,19189.0,6395.0,4.0,306.0,86030.0
20222Mendoza,2022.0,2.0,Mendoza,37663.0,77504.0,135504.0,26964.0,777.0,1150.0,279562.0
20222Misiones,2022.0,2.0,Misiones,37208.0,89260.0,33649.0,11074.0,,,178813.0
20222Neuquén,2022.0,2.0,Neuquén,29749.0,74905.0,28824.0,27371.0,468.0,651.0,161968.0
20222Río Negro,2022.0,2.0,Río Negro,36050.0,47040.0,40946.0,1676.0,548.0,18420.0,159764.0
20222Salta,2022.0,2.0,Salta,42665.0,96178.0,47076.0,10068.0,5.0,714.0,203177.0
20222San Juan,2022.0,2.0,San Juan,38570.0,19734.0,12328.0,21859.0,281.0,7635.0,100407.0
20222San Luis,2022.0,2.0,San Luis,6860.0,29034.0,248.0,70614.0,182.0,14803.0,121741.0
20222Santa Cruz,2022.0,2.0,Santa Cruz,10170.0,23725.0,10815.0,3896.0,198.0,5592.0,49185.0
20222Santa Fe,2022.0,2.0,Santa Fe,198492.0,428233.0,189503.0,43081.0,110.0,1845.0,878859.0
20222Santiago Del Estero,2022.0,2.0,Santiago Del Estero,16561.0,80338.0,11605.0,6618.0,2.0,2920.0,118044.0
20222Tierra Del Fuego,2022.0,2.0,Tierra Del Fuego,12754.0,39837.0,403.0,1250.0,312.0,6198.0,53770.0
20222Tucumán,2022.0,2.0,Tucumán,85893.0,15327.0,148823.0,3997.0,30.0,4840.0,254527.0
20221Buenos Aires,2022.0,1.0,Buenos Aires,392045.0,2728865.0,1242121.0,125521.0,6293.0,60579.0,4555424.0
20221Capital Federal,2022.0,1.0,Capital Federal,102290.0,1217225.0,62308.0,5784.0,2163.0,27771.0,1417541.0
20221Catamarca,2022.0,1.0,Catamarca,14181.0,15517.0,29118.0,1328.0,1.0,2233.0,62378.0
20221Chaco,2022.0,1.0,Chaco,32391.0,64546.0,36662.0,8164.0,5.0,2351.0,144119.0
20221Chubut,2022.0,1.0,Chubut,44133.0,66667.0,9184.0,30592.0,927.0,20125.0,171628.0
20221Córdoba,2022.0,1.0,Córdoba,195610.0,501799.0,235838.0,60843.0,74.0,9639.0,1003803.0
20221Corrientes,2022.0,1.0,Corrientes,40462.0,79093.0,10875.0,6774.0,4.0,5370.0,142578.0
20221Entre Ríos,2022.0,1.0,Entre Ríos,67159.0,138986.0,23091.0,26098.0,22.0,12570.0,267926.0
20221Formosa,2022.0,1.0,Formosa,16397.0,15927.0,5146.0,16876.0,0.0,2020.0,54548.0
20221Jujuy,2022.0,1.0,Jujuy,21307.0,60616.0,25949.0,4662.0,0.0,3975.0,116509.0
20221La Pampa,2022.0,1.0,La Pampa,8003.0,58978.0,21739.0,19903.0,172.0,937.0,109732.0
20221La Rioja,2022.0,1.0,La Rioja,9103.0,59228.0,9546.0,6395.0,4.0,306.0,84303.0
20221Mendoza,2022.0,1.0,Mendoza,49464.0,74145.0,123228.0,26969.0,786.0,593.0,275185.0
20221Misiones,2022.0,1.0,Misiones,39147.0,91752.0,25178.0,7807.0,0.0,7624.0,171508.0
20221Neuquén,2022.0,1.0,Neuquén,28443.0,73200.0,24193.0,23098.0,471.0,6979.0,149679.0
20221Río Negro,2022.0,1.0,Río Negro,38662.0,45366.0,38037.0,16815.0,553.0,17941.0,157374.0
20221Salta,2022.0,1.0,Salta,44714.0,98667.0,40994.0,595.0,5.0,714.0,197515.0
20221San Juan,2022.0,1.0,San Juan,34038.0,14449.0,11294.0,20723.0,290.0,7384.0,88178.0
20221San Luis,2022.0,1.0,San Luis,7987.0,11296.0,31.0,71809.0,185.0,28536.0,119844.0
20221Santa Cruz,2022.0,1.0,Santa Cruz,10537.0,23420.0,10766.0,3974.0,204.0,3846.0,49102.0
20221Santa Fe,2022.0,1.0,Santa Fe,213486.0,444609.0,146552.0,45261.0,115.0,20456.0,870479.0
20221Santiago Del Estero,2022.0,1.0,Santiago Del Estero,18118.0,87979.0,1093.0,6349.0,2.0,2920.0,116461.0
20221Tierra Del Fuego,2022.0,1.0,Tierra Del Fuego,13031.0,38700.0,416.0,1240.0,313.0,3087.0,52611.0
20221Tucumán,2022.0,1.0,Tucumán,92532.0,62396.0,86174.0,3995.0,30.0,4840.0,245584.0
20214Buenos Aires,2021.0,4.0,Buenos Aires,426325.0,2706506.0,1176024.0,126887.0,6385.0,67030.0,4509157.0
20214Capital Federal,2021.0,4.0,Capital Federal,111360.0,1205128.0,60005.0,5679.0,2184.0,27763.0,1412119.0
20214Catamarca,2021.0,4.0,Catamarca,16385.0,13858.0,25100.0,1512.0,1.0,2234.0,59090.0
20214Chaco,2021.0,4.0,Chaco,35548.0,63145.0,34688.0,8005.0,5.0,2354.0,143745.0
20214Chubut,2021.0,4.0,Chubut,46361.0,57412.0,9655.0,28041.0,944.0,17895.0,160308.0
20214Córdoba,2021.0,4.0,Córdoba,212011.0,487489.0,217214.0,61277.0,77.0,8702.0,986770.0
20214Corrientes,2021.0,4.0,Corrientes,42523.0,71183.0,10138.0,6778.0,4.0,525.0,135912.0
20214Entre Ríos,2021.0,4.0,Entre Ríos,70459.0,133387.0,23452.0,25022.0,22.0,12704.0,265046.0
20214Formosa,2021.0,4.0,Formosa,17211.0,15111.0,5151.0,16018.0,,,53663.0
20214Jujuy,2021.0,4.0,Jujuy,22330.0,60511.0,24156.0,2927.0,,,113915.0
20214La Pampa,2021.0,4.0,La Pampa,8175.0,58000.0,20192.0,19286.0,173.0,1181.0,107007.0
20214La Rioja,2021.0,4.0,La Rioja,10387.0,56651.0,9446.0,6613.0,4.0,306.0,83128.0
20214Mendoza,2021.0,4.0,Mendoza,59842.0,71553.0,109667.0,24666.0,804.0,1055.0,267587.0
20214Misiones,2021.0,4.0,Misiones,41778.0,92068.0,22035.0,7649.0,,,171132.0
20214Neuquén,2021.0,4.0,Neuquén,29175.0,72761.0,23253.0,21531.0,477.0,6983.0,147466.0
20214Río Negro,2021.0,4.0,Río Negro,42037.0,44495.0,32212.0,16558.0,564.0,17887.0,153753.0
20214Salta,2021.0,4.0,Salta,46972.0,99808.0,39555.0,5882.0,6.0,7182.0,199405.0
20214San Juan,2021.0,4.0,San Juan,35868.0,13102.0,11072.0,11423.0,291.0,8202.0,79958.0
20214San Luis,2021.0,4.0,San Luis,8472.0,11064.0,30.0,7056.0,187.0,28536.0,118849.0
20214Santa Cruz,2021.0,4.0,Santa Cruz,10790.0,22902.0,10031.0,4346.0,210.0,3960.0,48486.0
20214Santa Fe,2021.0,4.0,Santa Fe,233427.0,444373.0,128856.0,43556.0,176.0,16053.0,866441.0
20214Santiago Del Estero,2021.0,4.0,Santiago Del Estero,19032.0,86563.0,1088.0,6256.0,2.0,2920.0,115861.0
20214Tierra Del Fuego,2021.0,4.0,Tierra Del Fuego,13317.0,38148.0,426.0,1240.0,315.0,3105.0,52357.0
20214Tucumán,2021.0,4.0,Tucumán,97830.0,59022.0,78790.0,2511.0,30.0,4830.0,238639.0
20213Buenos Aires,2021.0,3.0,Buenos Aires,585729.0,2595485.0,885613.0,120228.0,5184.0,59370.0,4251609.0
20213Capital Federal,2021.0,3.0,Capital Federal,142902.0,1192107.0,42966.0,6059.0,1608.0,27763.0,1413405.0
20213Catamarca,2021.0,3.0,Catamarca,18413.0,11709.0,22331.0,1568.0,1.0,2232.0,56254.0
20213Chaco,2021.0,3.0,Chaco,38258.0,63659.0,27583.0,8018.0,3.0,2350.0,139871.0
20213Chubut,2021.0,3.0,Chubut,49269.0,55794.0,8946.0,23376.0,800.0,17881.0,156066.0
20213Córdoba,2021.0,3.0,Córdoba,229275.0,477223.0,167495.0,57617.0,62.0,15116.0,946788.0
20213Corrientes,2021.0,3.0,Corrientes,44805.0,69403.0,7542.0,6766.0,3.0,5300.0,133819.0
20213Entre Ríos,2021.0,3.0,Entre Ríos,74443.0,128752.0,20485.0,235.0,15.0,13180.0,260375.0
20213Formosa,2021.0,3.0,Formosa,18093.0,14111.0,4730.0,1569.0,,,52795.0
20213Jujuy,2021.0,3.0,Jujuy,23554.0,60758.0,19926.0,2952.0,,,111158.0
20213La Pampa,2021.0,3.0,La Pampa,9015.0,57881.0,17817.0,14479.0,116.0,1179.0,100487.0
20213La Rioja,2021.0,3.0,La Rioja,11329.0,54744.0,9444.0,6613.0,3.0,297.0,82160.0
20213Mendoza,2021.0,3.0,Mendoza,91474.0,71247.0,70579.0,21811.0,619.0,7661.0,255939.0
20213Misiones,2021.0,3.0,Misiones,43230.0,89469.0,10969.0,7198.0,,,158528.0
20213Neuquén,2021.0,3.0,Neuquén,29650.0,73794.0,16455.0,1927.0,373.0,6027.0,139809.0
20213Río Negro,2021.0,3.0,Río Negro,47934.0,44519.0,18725.0,15031.0,501.0,17875.0,144585.0
20213Salta,2021.0,3.0,Salta,49212.0,98318.0,36126.0,5724.0,2.0,6451.0,195833.0
20213San Juan,2021.0,3.0,San Juan,40072.0,12922.0,6670.0,11372.0,256.0,8191.0,79483.0
20213San Luis,2021.0,3.0,San Luis,8417.0,11884.0,27.0,68856.0,148.0,2720.0,117864.0
20213Santa Cruz,2021.0,3.0,Santa Cruz,12347.0,22961.0,6328.0,4269.0,197.0,2874.0,48976.0
20213Santa Fe,2021.0,3.0,Santa Fe,245929.0,443156.0,93412.0,43447.0,151.0,1413.0,841584.0
20213Santiago Del Estero,2021.0,3.0,Santiago Del Estero,19939.0,85535.0,909.0,6147.0,1.0,2927.0,115458.0
20213Tierra Del Fuego,2021.0,3.0,Tierra Del Fuego,12853.0,36958.0,6.0,160.0,289.0,3611.0,50223.0
20213Tucumán,2021.0,3.0,Tucumán,104489.0,53868.0,70964.0,2408.0,25.0,7405.0,232472.0
20212Buenos Aires,2021.0,2.0,Buenos Aires,603255.0,2503830.0,854173.0,113546.0,5184.0,52363.0,4132351.0
20212Capital Federal,2021.0,2.0,Capital Federal,148989.0,1175097.0,41318.0,558.0,1608.0,27763.0,1400355.0
20212Catamarca,2021.0,2.0,Catamarca,20305.0,9426.0,22331.0,1449.0,1.0,2232.0,55744.0
20212Chaco,2021.0,2.0,Chaco,39826.0,62948.0,27584.0,8018.0,3.0,2350.0,140729.0
20212Chubut,2021.0,2.0,Chubut,49271.0,41497.0,6081.0,23682.0,825.0,17881.0,139237.0
20212Córdoba,2021.0,2.0,Córdoba,239780.0,467782.0,151855.0,55944.0,62.0,15457.0,930880.0
20212Corrientes,2021.0,2.0,Corrientes,46648.0,67262.0,3731.0,6557.0,3.0,5300.0,129501.0
20212Entre Ríos,2021.0,2.0,Entre Ríos,77836.0,124957.0,17856.0,23786.0,15.0,13182.0,257632.0
20212Formosa,2021.0,2.0,Formosa,19571.0,12509.0,3610.0,1569.0,,,51551.0
20212Jujuy,2021.0,2.0,Jujuy,24738.0,60800.0,19611.0,2731.0,,,111848.0
20212La Pampa,2021.0,2.0,La Pampa,9017.0,57014.0,17132.0,13209.0,116.0,1179.0,97667.0
20212La Rioja,2021.0,2.0,La Rioja,11627.0,54255.0,9445.0,6245.0,3.0,297.0,81602.0
20212Mendoza,2021.0,2.0,Mendoza,91503.0,70834.0,44696.0,21811.0,619.0,7651.0,229671.0
20212Misiones,2021.0,2.0,Misiones,44960.0,87861.0,10376.0,5317.0,,,156176.0
20212Neuquén,2021.0,2.0,Neuquén,30083.0,72690.0,15619.0,19218.0,373.0,6027.0,138250.0
20212Río Negro,2021.0,2.0,Río Negro,48189.0,43761.0,18727.0,15031.0,501.0,17875.0,144084.0
20212Salta,2021.0,2.0,Salta,51396.0,96016.0,32050.0,5724.0,2.0,6451.0,191639.0
20212San Juan,2021.0,2.0,San Juan,40072.0,12369.0,6673.0,11372.0,256.0,8191.0,78933.0
20212San Luis,2021.0,2.0,San Luis,8417.0,11308.0,28.0,6686.0,148.0,36057.0,122818.0
20212Santa Cruz,2021.0,2.0,Santa Cruz,12347.0,22967.0,6328.0,4269.0,197.0,2874.0,48982.0
20212Santa Fe,2021.0,2.0,Santa Fe,256741.0,431915.0,90424.0,43997.0,151.0,17372.0,840600.0
20212Santiago Del Estero,2021.0,2.0,Santiago Del Estero,20734.0,83770.0,909.0,5081.0,1.0,3595.0,114090.0
20212Tierra Del Fuego,2021.0,2.0,Tierra Del Fuego,12853.0,22504.0,6.0,140.0,289.0,2871.0,35693.0
20212Tucumán,2021.0,2.0,Tucumán,110429.0,48359.0,71683.0,1837.0,25.0,7405.0,233051.0
20211Buenos Aires,2021.0,1.0,Buenos Aires,629679.0,2452056.0,821597.0,98806.0,5066.0,52798.0,4060002.0
20211Capital Federal,2021.0,1.0,Capital Federal,159805.0,1145093.0,39980.0,5559.0,1390.0,27846.0,1379673.0
20211Catamarca,2021.0,1.0,Catamarca,26316.0,4409.0,18688.0,3220.0,1.0,2232.0,51968.0
20211Chaco,2021.0,1.0,Chaco,43214.0,61251.0,25426.0,8004.0,3.0,1872.0,139770.0
20211Chubut,2021.0,1.0,Chubut,45501.0,40960.0,3444.0,23723.0,825.0,17887.0,132340.0
20211Córdoba,2021.0,1.0,Córdoba,260350.0,444695.0,134634.0,54137.0,55.0,17010.0,910881.0
20211Corrientes,2021.0,1.0,Corrientes,49160.0,62876.0,3337.0,5949.0,3.0,5300.0,126625.0
20211Entre Ríos,2021.0,1.0,Entre Ríos,83688.0,118424.0,16846.0,20836.0,13.0,12156.0,251963.0
20211Formosa,2021.0,1.0,Formosa,20663.0,11412.0,2562.0,15669.0,,,50686.0
20211Jujuy,2021.0,1.0,Jujuy,32254.0,54324.0,17322.0,2677.0,,,110456.0
20211La Pampa,2021.0,1.0,La Pampa,8946.0,58711.0,15779.0,12369.0,116.0,-103.0,97105.0
20211La Rioja,2021.0,1.0,La Rioja,17363.0,34984.0,1.0,2500.0,3.0,297.0,52628.0
20211Mendoza,2021.0,1.0,Mendoza,91844.0,69295.0,38619.0,18332.0,615.0,7715.0,218923.0
20211Misiones,2021.0,1.0,Misiones,48292.0,82339.0,7064.0,4796.0,,,149387.0
20211Neuquén,2021.0,1.0,Neuquén,30223.0,70457.0,14171.0,17752.0,373.0,5947.0,133235.0
20211Río Negro,2021.0,1.0,Río Negro,48777.0,42192.0,17828.0,13994.0,501.0,17876.0,141168.0
20211Salta,2021.0,1.0,Salta,54768.0,89187.0,31498.0,5669.0,2.0,6450.0,187574.0
20211San Juan,2021.0,1.0,San Juan,40072.0,11589.0,6671.0,11482.0,256.0,8197.0,78267.0
20211San Luis,2021.0,1.0,San Luis,8417.0,10678.0,28.0,63826.0,148.0,36057.0,119154.0
20211Santa Cruz,2021.0,1.0,Santa Cruz,12347.0,23089.0,5975.0,4264.0,197.0,3703.0,46065.0
20211Santa Fe,2021.0,1.0,Santa Fe,277012.0,421480.0,70976.0,3914.0,137.0,17382.0,826127.0
20211Santiago Del Estero,2021.0,1.0,Santiago Del Estero,26468.0,75849.0,570.0,5158.0,1.0,3595.0,111641.0
20211Tierra Del Fuego,2021.0,1.0,Tierra Del Fuego,12853.0,27247.0,6.0,0.0,289.0,2871.0,40422.0
20211Tucumán,2021.0,1.0,Tucumán,147199.0,12185.0,69954.0,1834.0,22.0,7378.0,231912.0
20204Buenos Aires,2020.0,4.0,Buenos Aires,635651.0,2441248.0,804991.0,93444.0,5066.0,52861.0,4033261.0
20204Capital Federal,2020.0,4.0,Capital Federal,163060.0,1142528.0,39890.0,4815.0,1390.0,27847.0,1379530.0
20204Catamarca,2020.0,4.0,Catamarca,26870.0,5115.0,17856.0,3220.0,1.0,2232.0,52396.0
20204Chaco,2020.0,4.0,Chaco,44332.0,61200.0,23687.0,7997.0,3.0,1872.0,139091.0
20204Chubut,2020.0,4.0,Chubut,45703.0,39756.0,3040.0,23363.0,825.0,17887.0,130574.0
20204Córdoba,2020.0,4.0,Córdoba,267396.0,439322.0,125620.0,52827.0,55.0,17481.0,902701.0
20204Corrientes,2020.0,4.0,Corrientes,50102.0,61495.0,3146.0,5626.0,3.0,526.0,125659.0
20204Entre Ríos,2020.0,4.0,Entre Ríos,85683.0,113670.0,15653.0,20206.0,13.0,12156.0,247381.0
20204Formosa,2020.0,4.0,Formosa,21264.0,10789.0,2432.0,15341.0,,,50206.0
20204Jujuy,2020.0,4.0,Jujuy,32850.0,52815.0,15639.0,1077.0,,,105851.0
20204La Pampa,2020.0,4.0,La Pampa,9009.0,58945.0,15432.0,12194.0,116.0,1199.0,96895.0
20204La Rioja,2020.0,4.0,La Rioja,17513.0,34984.0,1.0,2500.0,3.0,297.0,52778.0
20204Mendoza,2020.0,4.0,Mendoza,91842.0,68364.0,36083.0,18331.0,615.0,7715.0,215453.0
20204Misiones,2020.0,4.0,Misiones,49462.0,79855.0,6589.0,4359.0,,,147161.0
20204Neuquén,2020.0,4.0,Neuquén,30468.0,70614.0,13732.0,17689.0,373.0,5947.0,133135.0
20204Río Negro,2020.0,4.0,Río Negro,48991.0,42022.0,17826.0,13994.0,501.0,17876.0,141210.0
20204Salta,2020.0,4.0,Salta,56659.0,87817.0,30604.0,5858.0,2.0,6450.0,187390.0
20204San Juan,2020.0,4.0,San Juan,40072.0,7004.0,6599.0,10468.0,256.0,8197.0,72596.0
20204San Luis,2020.0,4.0,San Luis,8417.0,11767.0,27.0,63019.0,148.0,36057.0,119435.0
20204Santa Cruz,2020.0,4.0,Santa Cruz,12347.0,19657.0,1041.0,4659.0,197.0,100.0,40674.0
20204Santa Fe,2020.0,4.0,Santa Fe,287271.0,414746.0,62692.0,38712.0,137.0,17255.0,820813.0
20204Santiago Del Estero,2020.0,4.0,Santiago Del Estero,26812.0,70522.0,570.0,5169.0,1.0,3595.0,106669.0
20204Tierra Del Fuego,2020.0,4.0,Tierra Del Fuego,12853.0,26439.0,6.0,0.0,289.0,2871.0,39614.0
20204Tucumán,2020.0,4.0,Tucumán,149322.0,11150.0,68043.0,1834.0,22.0,7378.0,231089.0
20203Buenos Aires,2020.0,3.0,Buenos Aires,653930.0,2384557.0,749087.0,94162.0,5066.0,50475.0,3937277.0
20203Capital Federal,2020.0,3.0,Capital Federal,170375.0,1129573.0,39417.0,3936.0,1390.0,27984.0,1372675.0
20203Catamarca,2020.0,3.0,Catamarca,26868.0,3690.0,16857.0,2610.0,1.0,2227.0,49904.0
20203Chaco,2020.0,3.0,Chaco,45745.0,58825.0,20675.0,6706.0,3.0,2000.0,133954.0
20203Chubut,2020.0,3.0,Chubut,45761.0,39386.0,2897.0,23216.0,825.0,17942.0,130027.0
20203Córdoba,2020.0,3.0,Córdoba,276360.0,430771.0,102217.0,48368.0,55.0,9701.0,867472.0
20203Corrientes,2020.0,3.0,Corrientes,50858.0,58681.0,2960.0,5513.0,3.0,5376.0,123391.0
20203Entre Ríos,2020.0,3.0,Entre Ríos,87892.0,106950.0,13954.0,20379.0,13.0,1219.0,241495.0
20203Formosa,2020.0,3.0,Formosa,21790.0,10003.0,2000.0,15023.0,,,49209.0
20203Jujuy,2020.0,3.0,Jujuy,32611.0,57682.0,11112.0,9520.0,,,106728.0
20203La Pampa,2020.0,3.0,La Pampa,9015.0,56845.0,14677.0,11893.0,116.0,1189.0,93735.0
20203La Rioja,2020.0,3.0,La Rioja,17346.0,34984.0,1.0,2500.0,3.0,347.0,52616.0
20203Mendoza,2020.0,3.0,Mendoza,91908.0,64672.0,32817.0,17523.0,615.0,8065.0,207788.0
20203Misiones,2020.0,3.0,Misiones,50195.0,77989.0,2572.0,3445.0,,,143186.0
20203Neuquén,2020.0,3.0,Neuquén,30222.0,70446.0,11043.0,16787.0,373.0,6997.0,129235.0
20203Río Negro,2020.0,3.0,Río Negro,49530.0,40001.0,10381.0,13187.0,501.0,17867.0,131467.0
20203Salta,2020.0,3.0,Salta,58216.0,84128.0,25445.0,5764.0,2.0,7291.0,180846.0
20203San Juan,2020.0,3.0,San Juan,40092.0,9223.0,5509.0,14023.0,256.0,592.0,77327.0
20203San Luis,2020.0,3.0,San Luis,8401.0,10077.0,6.0,61828.0,148.0,36105.0,116565.0
20203Santa Cruz,2020.0,3.0,Santa Cruz,12845.0,16098.0,1027.0,6938.0,197.0,2176.0,39281.0
20203Santa Fe,2020.0,3.0,Santa Fe,295051.0,405807.0,45721.0,37112.0,137.0,19170.0,802998.0
20203Santiago Del Estero,2020.0,3.0,Santiago Del Estero,26419.0,70720.0,555.0,4185.0,1.0,3612.0,105492.0
20203Tierra Del Fuego,2020.0,3.0,Tierra Del Fuego,12854.0,26491.0,0.0,0.0,289.0,2811.0,39655.0
20203Tucumán,2020.0,3.0,Tucumán,149605.0,11752.0,59949.0,1808.0,22.0,7598.0,223876.0
20202Buenos Aires,2020.0,2.0,Buenos Aires,661272.0,2244277.0,723072.0,91736.0,5066.0,52123.0,3777546.0
20202Capital Federal,2020.0,2.0,Capital Federal,178896.0,1106133.0,39482.0,3937.0,1390.0,27983.0,1357821.0
20202Catamarca,2020.0,2.0,Catamarca,26968.0,3641.0,14878.0,2610.0,1.0,2227.0,47976.0
20202Chaco,2020.0,2.0,Chaco,46816.0,56017.0,17266.0,6452.0,3.0,1578.0,128132.0
20202Chubut,2020.0,2.0,Chubut,45761.0,38279.0,1324.0,17678.0,825.0,4789.0,108656.0
20202Córdoba,2020.0,2.0,Córdoba,282858.0,415007.0,85818.0,44522.0,55.0,8208.0,836468.0
20202Corrientes,2020.0,2.0,Corrientes,51248.0,55536.0,3144.0,3927.0,3.0,5008.0,118866.0
20202Entre Ríos,2020.0,2.0,Entre Ríos,89391.0,99423.0,13954.0,20042.0,13.0,11290.0,234113.0
20202Formosa,2020.0,2.0,Formosa,21805.0,9353.0,1882.0,14723.0,,,47932.0
20202Jujuy,2020.0,2.0,Jujuy,32705.0,38938.0,5057.0,9520.0,,,94316.0
20202La Pampa,2020.0,2.0,La Pampa,8551.0,54422.0,14232.0,11314.0,116.0,13.0,89809.0
20202La Rioja,2020.0,2.0,La Rioja,16885.0,34984.0,1.0,2500.0,3.0,347.0,52155.0
20202Mendoza,2020.0,2.0,Mendoza,91904.0,62941.0,29613.0,15924.0,615.0,7405.0,201184.0
20202Misiones,2020.0,2.0,Misiones,50792.0,74497.0,2579.0,3319.0,,,140340.0
20202Neuquén,2020.0,2.0,Neuquén,30256.0,67990.0,11037.0,15755.0,373.0,761.0,126172.0
20202Río Negro,2020.0,2.0,Río Negro,49756.0,39650.0,10382.0,11331.0,501.0,17866.0,129486.0
20202Salta,2020.0,2.0,Salta,59502.0,81740.0,24289.0,5123.0,2.0,7106.0,177762.0
20202San Juan,2020.0,2.0,San Juan,40092.0,8275.0,5509.0,7019.0,256.0,8626.0,69777.0
20202San Luis,2020.0,2.0,San Luis,8401.0,8357.0,6.0,60935.0,148.0,36105.0,113952.0
20202Santa Cruz,2020.0,2.0,Santa Cruz,12845.0,16044.0,1027.0,6585.0,197.0,2171.0,38869.0
20202Santa Fe,2020.0,2.0,Santa Fe,299974.0,381679.0,46698.0,30487.0,137.0,18957.0,777932.0
20202Santiago Del Estero,2020.0,2.0,Santiago Del Estero,25917.0,72074.0,355.0,3038.0,1.0,4062.0,105447.0
20202Tierra Del Fuego,2020.0,2.0,Tierra Del Fuego,12854.0,26025.0,0.0,0.0,289.0,2811.0,39189.0
20202Tucumán,2020.0,2.0,Tucumán,150084.0,9833.0,55120.0,1357.0,22.0,7598.0,217156.0
20201Buenos Aires,2020.0,1.0,Buenos Aires,673237.0,2210349.0,720688.0,85443.0,5066.0,13268.0,3708051.0
20201Capital Federal,2020.0,1.0,Capital Federal,184494.0,1097635.0,38898.0,3911.0,1390.0,27166.0,1353494.0
20201Catamarca,2020.0,1.0,Catamarca,21945.0,3146.0,12056.0,2610.0,1.0,2226.0,39635.0
20201Chaco,2020.0,1.0,Chaco,46356.0,54144.0,11958.0,6239.0,3.0,155.0,120277.0
20201Chubut,2020.0,1.0,Chubut,45763.0,27287.0,1324.0,16885.0,800.0,4679.0,96738.0
20201Córdoba,2020.0,1.0,Córdoba,286168.0,406109.0,68512.0,41617.0,55.0,8638.0,811099.0
20201Corrientes,2020.0,1.0,Corrientes,51126.0,53231.0,2172.0,2437.0,3.0,5001.0,113970.0
20201Entre Ríos,2020.0,1.0,Entre Ríos,90368.0,95434.0,13245.0,18737.0,13.0,14049.0,231846.0
20201Formosa,2020.0,1.0,Formosa,21068.0,8887.0,1800.0,1451.0,,,46434.0
20201Jujuy,2020.0,1.0,Jujuy,32066.0,38938.0,3078.0,9420.0,,,91665.0
20201La Pampa,2020.0,1.0,La Pampa,8553.0,53755.0,13821.0,11295.0,116.0,1686.0,89226.0
20201La Rioja,2020.0,1.0,La Rioja,13076.0,34984.0,0.0,2510.0,3.0,287.0,48340.0
20201Mendoza,2020.0,1.0,Mendoza,91955.0,50251.0,28059.0,12465.0,615.0,6605.0,183452.0
20201Misiones,2020.0,1.0,Misiones,51458.0,69452.0,1220.0,4600.0,,,133552.0
20201Neuquén,2020.0,1.0,Neuquén,29305.0,65951.0,11031.0,14711.0,373.0,6917.0,121727.0
20201Río Negro,2020.0,1.0,Río Negro,47756.0,38479.0,10381.0,11222.0,501.0,17861.0,126200.0
20201Salta,2020.0,1.0,Salta,60426.0,75593.0,23025.0,4125.0,2.0,7210.0,170381.0
20201San Juan,2020.0,1.0,San Juan,40092.0,6448.0,5508.0,7082.0,256.0,4845.0,64231.0
20201San Luis,2020.0,1.0,San Luis,8301.0,7612.0,5.0,58301.0,148.0,36185.0,110552.0
20201Santa Cruz,2020.0,1.0,Santa Cruz,12845.0,15766.0,1026.0,6817.0,197.0,2171.0,38822.0
20201Santa Fe,2020.0,1.0,Santa Fe,302366.0,383673.0,35123.0,30488.0,137.0,19331.0,771118.0
20201Santiago Del Estero,2020.0,1.0,Santiago Del Estero,24695.0,70424.0,200.0,2779.0,1.0,4656.0,102755.0
20201Tierra Del Fuego,2020.0,1.0,Tierra Del Fuego,12854.0,25632.0,0.0,0.0,289.0,2791.0,38794.0
20201Tucumán,2020.0,1.0,Tucumán,143184.0,10494.0,44687.0,1355.0,22.0,3448.0,200067.0
20194Buenos Aires,2019.0,4.0,Buenos Aires,720011.0,2191672.0,669194.0,87111.0,5134.0,13132.0,3686254.0
20194Capital Federal,2019.0,4.0,Capital Federal,196938.0,1093143.0,35534.0,3914.0,1410.0,27166.0,1358105.0
20194Catamarca,2019.0,4.0,Catamarca,22999.0,3318.0,9506.0,2610.0,1.0,2226.0,38311.0
20194Chaco,2019.0,4.0,Chaco,48661.0,53602.0,8831.0,5229.0,3.0,155.0,117903.0
20194Chubut,2019.0,4.0,Chubut,47045.0,26977.0,1324.0,15267.0,810.0,4679.0,96102.0
20194Córdoba,2019.0,4.0,Córdoba,296872.0,410038.0,53335.0,3775.0,55.0,8638.0,806688.0
20194Corrientes,2019.0,4.0,Corrientes,52525.0,51845.0,2002.0,2458.0,3.0,5001.0,113834.0
20194Entre Ríos,2019.0,4.0,Entre Ríos,92981.0,99206.0,12875.0,18561.0,13.0,15394.0,239030.0
20194Formosa,2019.0,4.0,Formosa,21567.0,8684.0,1760.0,14531.0,,,46711.0
20194Jujuy,2019.0,4.0,Jujuy,32949.0,37604.0,873.0,8140.0,,,88881.0
20194La Pampa,2019.0,4.0,La Pampa,15457.0,56854.0,4942.0,11341.0,119.0,1686.0,90399.0
20194La Rioja,2019.0,4.0,La Rioja,13738.0,34984.0,0.0,2510.0,3.0,287.0,49002.0
20194Mendoza,2019.0,4.0,Mendoza,96678.0,49711.0,24989.0,13672.0,623.0,6677.0,185780.0
20194Misiones,2019.0,4.0,Misiones,53116.0,69676.0,847.0,4410.0,,,135813.0
20194Neuquén,2019.0,4.0,Neuquén,29826.0,60970.0,10549.0,14246.0,376.0,8164.0,116445.0
20194Río Negro,2019.0,4.0,Río Negro,49747.0,37933.0,9658.0,11437.0,504.0,17861.0,127140.0
20194Salta,2019.0,4.0,Salta,63272.0,76062.0,21865.0,304.0,2.0,8204.0,172445.0
20194San Juan,2019.0,4.0,San Juan,41360.0,6338.0,4931.0,7241.0,259.0,4845.0,64974.0
20194San Luis,2019.0,4.0,San Luis,8569.0,8027.0,6.0,55266.0,148.0,36185.0,108201.0
20194Santa Cruz,2019.0,4.0,Santa Cruz,13264.0,15899.0,1036.0,68.0,200.0,2171.0,39370.0
20194Santa Fe,2019.0,4.0,Santa Fe,312072.0,382254.0,27464.0,26978.0,150.0,20251.0,769169.0
20194Santiago Del Estero,2019.0,4.0,Santiago Del Estero,24682.0,71239.0,200.0,281.0,1.0,4656.0,103588.0
20194Tierra Del Fuego,2019.0,4.0,Tierra Del Fuego,13261.0,26821.0,0.0,0.0,291.0,2809.0,40392.0
20194Tucumán,2019.0,4.0,Tucumán,146985.0,11012.0,39574.0,7250.0,23.0,3457.0,198644.0
2019 *3 *Buenos Aires,2019.0,3.0,Buenos Aires,1277249.0,2144956.0,425386.0,85572.0,,,3960233.0
2019 *3 *Capital Federal,2019.0,3.0,Capital Federal,300288.0,1080973.0,24900.0,3895.0,,,1441211.0
2019 *3 *Catamarca,2019.0,3.0,Catamarca,24349.0,5543.0,13.0,2440.0,,,32400.0
2019 *3 *Chaco,2019.0,3.0,Chaco,50416.0,49156.0,8063.0,5224.0,,,114451.0
2019 *3 *Chubut,2019.0,3.0,Chubut,37298.0,27090.0,1917.0,15149.0,,,89005.0
2019 *3 *Córdoba,2019.0,3.0,Córdoba,307780.0,399231.0,30064.0,37277.0,,,783053.0
2019 *3 *Corrientes,2019.0,3.0,Corrientes,53344.0,50230.0,1888.0,2458.0,,,112759.0
2019 *3 *Entre Ríos,2019.0,3.0,Entre Ríos,94947.0,96305.0,12888.0,1853.0,,,238102.0
2019 *3 *Formosa,2019.0,3.0,Formosa,21777.0,8359.0,1476.0,14292.0,,,46066.0
2019 *3 *Jujuy,2019.0,3.0,Jujuy,33110.0,35742.0,274.0,8120.0,,,86576.0
2019 *3 *La Pampa,2019.0,3.0,La Pampa,19469.0,52941.0,4994.0,11462.0,,,90828.0
2019 *3 *La Rioja,2019.0,3.0,La Rioja,14390.0,34984.0,11.0,2510.0,,,49677.0
2019 *3 *Mendoza,2019.0,3.0,Mendoza,148640.0,54312.0,6865.0,12975.0,,,224337.0
2019 *3 *Misiones,2019.0,3.0,Misiones,54493.0,65872.0,829.0,4190.0,,,133883.0
2019 *3 *Neuquén,2019.0,3.0,Neuquén,43347.0,60484.0,5560.0,13512.0,,,125421.0
2019 *3 *Río Negro,2019.0,3.0,Río Negro,67478.0,37425.0,9739.0,10806.0,,,144295.0
2019 *3 *Salta,2019.0,3.0,Salta,65799.0,74329.0,733.0,158.0,,,151835.0
2019 *3 *San Juan,2019.0,3.0,San Juan,51670.0,7425.0,1227.0,7241.0,,,73098.0
2019 *3 *San Luis,2019.0,3.0,San Luis,13037.0,10561.0,350.0,62286.0,,,122700.0
2019 *3 *Santa Cruz,2019.0,3.0,Santa Cruz,10663.0,17056.0,969.0,6544.0,,,37970.0
2019 *3 *Santa Fe,2019.0,3.0,Santa Fe,319396.0,377171.0,18690.0,24269.0,,,760934.0
2019 *3 *Santiago Del Estero,2019.0,3.0,Santiago Del Estero,24556.0,71198.0,219.0,2759.0,,,133132.0
2019 *3 *Tierra Del Fuego,2019.0,3.0,Tierra Del Fuego,19790.0,26659.0,651.0,0.0,,,48587.0
2019 *3 *Tucumán,2019.0,3.0,Tucumán,150918.0,12089.0,116.0,6840.0,,,164131.0
2019 *2 *Buenos Aires,2019.0,2.0,Buenos Aires,1284658.0,2079900.0,382971.0,7524.0,,,3855698.0
2019 *2 *Capital Federal,2019.0,2.0,Capital Federal,309937.0,1061358.0,36082.0,3962.0,,,1415620.0
2019 *2 *Catamarca,2019.0,2.0,Catamarca,25682.0,5543.0,13.0,1460.0,,,33635.0
2019 *2 *Chaco,2019.0,2.0,Chaco,50765.0,47448.0,4203.0,4727.0,,,108734.0
2019 *2 *Chubut,2019.0,2.0,Chubut,37313.0,26338.0,1917.0,14443.0,,,87556.0
2019 *2 *Córdoba,2019.0,2.0,Córdoba,314768.0,388254.0,23023.0,33847.0,,,775128.0
2019 *2 *Corrientes,2019.0,2.0,Corrientes,53835.0,47431.0,1701.0,2444.0,,,111549.0
2019 *2 *Entre Ríos,2019.0,2.0,Entre Ríos,97081.0,91081.0,12764.0,17369.0,,,235824.0
2019 *2 *Formosa,2019.0,2.0,Formosa,21916.0,8686.0,1382.0,14292.0,,,46438.0
2019 *2 *Jujuy,2019.0,2.0,Jujuy,33022.0,30742.0,274.0,8120.0,,,86707.0
2019 *2 *La Pampa,2019.0,2.0,La Pampa,19471.0,52101.0,4840.0,10789.0,,,90205.0
2019 *2 *La Rioja,2019.0,2.0,La Rioja,15014.0,34984.0,11.0,2510.0,,,50301.0
2019 *2 *Mendoza,2019.0,2.0,Mendoza,148673.0,54027.0,6865.0,12748.0,,,223857.0
2019 *2 *Misiones,2019.0,2.0,Misiones,55373.0,64272.0,543.0,4210.0,,,132878.0
2019 *2 *Neuquén,2019.0,2.0,Neuquén,43420.0,59021.0,4983.0,12792.0,,,122953.0
2019 *2 *Río Negro,2019.0,2.0,Río Negro,67841.0,36527.0,4037.0,10485.0,,,138547.0
2019 *2 *Salta,2019.0,2.0,Salta,68827.0,62343.0,725.0,121.0,,,142568.0
2019 *2 *San Juan,2019.0,2.0,San Juan,51680.0,7425.0,1174.0,287.0,,,70025.0
2019 *2 *San Luis,2019.0,2.0,San Luis,11130.0,10298.0,347.0,57242.0,,,117385.0
2019 *2 *Santa Cruz,2019.0,2.0,Santa Cruz,10665.0,10257.0,379.0,6514.0,,,30550.0
2019 *2 *Santa Fe,2019.0,2.0,Santa Fe,325420.0,355140.0,18236.0,2198.0,,,743484.0
2019 *2 *Santiago Del Estero,2019.0,2.0,Santiago Del Estero,24393.0,64783.0,219.0,2759.0,,,126754.0
2019 *2 *Tierra Del Fuego,2019.0,2.0,Tierra Del Fuego,19790.0,25527.0,651.0,0.0,,,47454.0
2019 *2 *Tucumán,2019.0,2.0,Tucumán,153121.0,12089.0,116.0,6840.0,,,166331.0
2019 *1 *Buenos Aires,2019.0,1.0,Buenos Aires,1304507.0,2020730.0,336362.0,64867.0,,,3746667.0
2019 *1 *Capital Federal,2019.0,1.0,Capital Federal,328246.0,1030814.0,32281.0,3978.0,,,1399600.0
2019 *1 *Catamarca,2019.0,1.0,Catamarca,26912.0,4443.0,16.0,0.0,,,33622.0
2019 *1 *Chaco,2019.0,1.0,Chaco,53409.0,43555.0,1951.0,3628.0,,,103677.0
2019 *1 *Chubut,2019.0,1.0,Chubut,37302.0,23065.0,1923.0,14443.0,,,79778.0
2019 *1 *Córdoba,2019.0,1.0,Córdoba,323272.0,363959.0,19902.0,24615.0,,,744115.0
2019 *1 *Corrientes,2019.0,1.0,Corrientes,55842.0,43444.0,1615.0,1528.0,,,102487.0
2019 *1 *Entre Ríos,2019.0,1.0,Entre Ríos,100999.0,90253.0,12723.0,16231.0,,,232447.0
2019 *1 *Formosa,2019.0,1.0,Formosa,22570.0,7878.0,940.0,13761.0,,,45211.0
2019 *1 *Jujuy,2019.0,1.0,Jujuy,33248.0,12484.0,153.0,6400.0,,,90147.0
2019 *1 *La Pampa,2019.0,1.0,La Pampa,18832.0,57373.0,2891.0,9023.0,,,89160.0
2019 *1 *La Rioja,2019.0,1.0,La Rioja,16367.0,34984.0,12.0,2520.0,,,51656.0
2019 *1 *Mendoza,2019.0,1.0,Mendoza,148524.0,40205.0,5662.0,10363.0,,,206298.0
2019 *1 *Misiones,2019.0,1.0,Misiones,54898.0,59214.0,465.0,4260.0,,,122720.0
2019 *1 *Neuquén,2019.0,1.0,Neuquén,40747.0,55634.0,3114.0,1251.0,,,114377.0
2019 *1 *Río Negro,2019.0,1.0,Río Negro,68377.0,34124.0,3994.0,9736.0,,,121088.0
2019 *1 *Salta,2019.0,1.0,Salta,74426.0,57933.0,647.0,1135.0,,,136020.0
2019 *1 *San Juan,2019.0,1.0,San Juan,51660.0,5838.0,808.0,2932.0,,,62445.0
2019 *1 *San Luis,2019.0,1.0,San Luis,11108.0,7784.0,378.0,53097.0,,,96335.0
2019 *1 *Santa Cruz,2019.0,1.0,Santa Cruz,10659.0,4615.0,382.0,6514.0,,,24905.0
2019 *1 *Santa Fe,2019.0,1.0,Santa Fe,340038.0,340344.0,15621.0,23215.0,,,737078.0
2019 *1 *Santiago Del Estero,2019.0,1.0,Santiago Del Estero,25337.0,61547.0,23.0,2847.0,,,89853.0
2019 *1 *Tierra Del Fuego,2019.0,1.0,Tierra Del Fuego,19789.0,23549.0,1623.0,0.0,,,46447.0
2019 *1 *Tucumán,2019.0,1.0,Tucumán,159215.0,11670.0,118.0,6780.0,,,172002.0
20184Buenos Aires,2018.0,4.0,Buenos Aires,1305576.0,1949637.0,296102.0,65477.0,10104.0,9710.0,3636606.0
20184Capital Federal,2018.0,4.0,Capital Federal,328253.0,1019490.0,33042.0,3978.0,3443.0,814.0,1389020.0
20184Catamarca,2018.0,4.0,Catamarca,26912.0,4443.0,16.0,0.0,9.0,2203.0,33583.0
20184Chaco,2018.0,4.0,Chaco,53409.0,43555.0,1940.0,3236.0,13.0,100.0,103270.0
20184Chubut,2018.0,4.0,Chubut,37215.0,23065.0,952.0,14443.0,1518.0,1529.0,78722.0
20184Córdoba,2018.0,4.0,Córdoba,328854.0,355716.0,17675.0,21851.0,105.0,13138.0,737339.0
20184Corrientes,2018.0,4.0,Corrientes,55842.0,42418.0,796.0,1515.0,10.0,290.0,100601.0
20184Entre Ríos,2018.0,4.0,Entre Ríos,101168.0,86198.0,4853.0,15472.0,44.0,14312.0,222047.0
20184Formosa,2018.0,4.0,Formosa,22619.0,7880.0,887.0,13761.0,,,45204.0
20184Jujuy,2018.0,4.0,Jujuy,33248.0,12484.0,153.0,6400.0,1.0,43607.0,90133.0
20184La Pampa,2018.0,4.0,La Pampa,18832.0,55337.0,2685.0,7772.0,268.0,-167.0,85636.0
20184La Rioja,2018.0,4.0,La Rioja,16367.0,34984.0,12.0,2520.0,18.0,342.0,51651.0
20184Mendoza,2018.0,4.0,Mendoza,148524.0,40205.0,5665.0,10363.0,1322.0,225.0,206304.0
20184Misiones,2018.0,4.0,Misiones,55500.0,53673.0,465.0,4260.0,,,116273.0
20184Neuquén,2018.0,4.0,Neuquén,40747.0,55634.0,3115.0,12425.0,2056.0,388.0,114365.0
20184Río Negro,2018.0,4.0,Río Negro,68377.0,34292.0,1299.0,8037.0,915.0,3917.0,116837.0
20184Salta,2018.0,4.0,Salta,74295.0,57539.0,638.0,2530.0,1.0,1852.0,134578.0
20184San Juan,2018.0,4.0,San Juan,51660.0,5838.0,806.0,2883.0,564.0,647.0,62398.0
20184San Luis,2018.0,4.0,San Luis,11108.0,7784.0,378.0,53097.0,291.0,23673.0,96331.0
20184Santa Cruz,2018.0,4.0,Santa Cruz,10659.0,4615.0,382.0,6378.0,325.0,2409.0,24768.0
20184Santa Fe,2018.0,4.0,Santa Fe,335519.0,322782.0,14387.0,18705.0,229.0,28768.0,720390.0
20184Santiago Del Estero,2018.0,4.0,Santiago Del Estero,25339.0,61243.0,23.0,2649.0,2.0,808.0,89335.0
20184Tierra Del Fuego,2018.0,4.0,Tierra Del Fuego,19789.0,23349.0,1623.0,0.0,544.0,955.0,46260.0
20184Tucumán,2018.0,4.0,Tucumán,159215.0,11670.0,119.0,6860.0,32.0,3108.0,172004.0
20183Buenos Aires,2018.0,3.0,Buenos Aires,1435856.0,1929273.0,156382.0,62318.0,10563.0,15885.0,3610277.0
20183Capital Federal,2018.0,3.0,Capital Federal,334353.0,1009252.0,35694.0,3872.0,6686.0,2633.0,1392490.0
20183Catamarca,2018.0,3.0,Catamarca,27553.0,4443.0,15.0,10.0,11.0,2203.0,34226.0
20183Chaco,2018.0,3.0,Chaco,53927.0,42359.0,1990.0,2628.0,12.0,1117.0,102033.0
20183Chubut,2018.0,3.0,Chubut,58887.0,23065.0,1239.0,13817.0,2426.0,4302.0,103736.0
20183Córdoba,2018.0,3.0,Córdoba,337620.0,342401.0,15785.0,19213.0,94.0,10745.0,725858.0
20183Corrientes,2018.0,3.0,Corrientes,56444.0,41300.0,212.0,1468.0,11.0,309.0,99456.0
20183Entre Ríos,2018.0,3.0,Entre Ríos,103318.0,83714.0,2403.0,15093.0,48.0,752.0,204608.0
20183Formosa,2018.0,3.0,Formosa,22777.0,7589.0,817.0,13625.0,,,44865.0
20183Jujuy,2018.0,3.0,Jujuy,33363.0,10856.0,32.0,6410.0,1.0,429.0,44935.0
20183La Pampa,2018.0,3.0,La Pampa,12415.0,54574.0,8437.0,7011.0,244.0,9626.0,83424.0
20183La Rioja,2018.0,3.0,La Rioja,16587.0,34984.0,13.0,2530.0,17.0,333.0,51872.0
20183Mendoza,2018.0,3.0,Mendoza,151033.0,40205.0,5744.0,8195.0,1484.0,368.0,207029.0
20183Misiones,2018.0,3.0,Misiones,56290.0,50793.0,512.0,3910.0,,,108042.0
20183Neuquén,2018.0,3.0,Neuquén,46602.0,54129.0,998.0,12277.0,2005.0,707.0,116718.0
20183Río Negro,2018.0,3.0,Río Negro,68590.0,33474.0,1252.0,5051.0,1059.0,4066.0,113492.0
20183Salta,2018.0,3.0,Salta,76600.0,53980.0,678.0,2340.0,1.0,1390.0,132883.0
20183San Juan,2018.0,3.0,San Juan,54025.0,5838.0,826.0,2744.0,658.0,390.0,64481.0
20183San Luis,2018.0,3.0,San Luis,11096.0,7784.0,368.0,52859.0,300.0,2014.0,74421.0
20183Santa Cruz,2018.0,3.0,Santa Cruz,18606.0,4574.0,585.0,6238.0,434.0,3562.0,33999.0
20183Santa Fe,2018.0,3.0,Santa Fe,339126.0,312866.0,11749.0,16337.0,217.0,14805.0,695100.0
20183Santiago Del Estero,2018.0,3.0,Santiago Del Estero,25805.0,58789.0,23.0,1662.0,2.0,808.0,86360.0
20183Tierra Del Fuego,2018.0,3.0,Tierra Del Fuego,19365.0,22649.0,1502.0,10.0,508.0,1539.0,45564.0
20183Tucumán,2018.0,3.0,Tucumán,161209.0,9280.0,110.0,2520.0,31.0,3119.0,171166.0
20182Buenos Aires,2018.0,2.0,Buenos Aires,1450203.0,1807868.0,143626.0,71256.0,10565.0,17181.0,3500699.0
20182Capital Federal,2018.0,2.0,Capital Federal,342431.0,977916.0,35610.0,3908.0,6688.0,2633.0,1369186.0
20182Catamarca,2018.0,2.0,Catamarca,27444.0,4415.0,15.0,10.0,11.0,2203.0,34089.0
20182Chaco,2018.0,2.0,Chaco,54134.0,40750.0,562.0,1946.0,12.0,1117.0,98521.0
20182Chubut,2018.0,2.0,Chubut,58935.0,19591.0,1239.0,1407.0,2427.0,4302.0,100564.0
20182Córdoba,2018.0,2.0,Córdoba,345141.0,327636.0,13832.0,16355.0,94.0,10015.0,713073.0
20182Corrientes,2018.0,2.0,Corrientes,56541.0,39715.0,201.0,1468.0,11.0,309.0,97957.0
20182Entre Ríos,2018.0,2.0,Entre Ríos,104811.0,80376.0,2405.0,12313.0,48.0,752.0,199985.0
20182Formosa,2018.0,2.0,Formosa,23543.0,7311.0,18.0,13625.0,,,44554.0
20182Jujuy,2018.0,2.0,Jujuy,33571.0,10856.0,23.0,6400.0,1.0,429.0,45133.0
20182La Pampa,2018.0,2.0,La Pampa,12416.0,53587.0,8420.0,7011.0,244.0,9626.0,82421.0
20182La Rioja,2018.0,2.0,La Rioja,16663.0,34984.0,13.0,2530.0,17.0,333.0,51948.0
20182Mendoza,2018.0,2.0,Mendoza,152938.0,36872.0,3084.0,6206.0,1484.0,368.0,200952.0
20182Misiones,2018.0,2.0,Misiones,57265.0,47923.0,512.0,3910.0,,,106147.0
20182Neuquén,2018.0,2.0,Neuquén,46633.0,52855.0,998.0,12649.0,2006.0,707.0,115848.0
20182Río Negro,2018.0,2.0,Río Negro,68667.0,32795.0,1252.0,4396.0,1059.0,4066.0,112235.0
20182Salta,2018.0,2.0,Salta,78386.0,53478.0,678.0,2340.0,1.0,1390.0,134167.0
20182San Juan,2018.0,2.0,San Juan,54080.0,5068.0,826.0,3079.0,658.0,390.0,64101.0
20182San Luis,2018.0,2.0,San Luis,11104.0,7666.0,368.0,160.0,300.0,2014.0,21468.0
20182Santa Cruz,2018.0,2.0,Santa Cruz,18615.0,4474.0,585.0,6734.0,435.0,3562.0,34405.0
20182Santa Fe,2018.0,2.0,Santa Fe,337934.0,304349.0,11354.0,15801.0,309.0,14805.0,684552.0
20182Santiago Del Estero,2018.0,2.0,Santiago Del Estero,26074.0,55935.0,23.0,1662.0,2.0,808.0,83775.0
20182Tierra Del Fuego,2018.0,2.0,Tierra Del Fuego,19372.0,22756.0,531.0,10.0,508.0,1539.0,44707.0
20182Tucumán,2018.0,2.0,Tucumán,160315.0,8965.0,110.0,2520.0,31.0,3119.0,169957.0
20181Buenos Aires,2018.0,1.0,Buenos Aires,1452061.0,1793884.0,133928.0,64379.0,10564.0,20630.0,3475446.0
20181Capital Federal,2018.0,1.0,Capital Federal,349995.0,968483.0,35535.0,3164.0,6688.0,2705.0,1366570.0
20181Catamarca,2018.0,1.0,Catamarca,27300.0,4415.0,15.0,10.0,11.0,2203.0,33945.0
20181Chaco,2018.0,1.0,Chaco,54879.0,40157.0,383.0,3880.0,12.0,101.0,96937.0
20181Chubut,2018.0,1.0,Chubut,56375.0,19591.0,1194.0,1407.0,2427.0,4302.0,97959.0
20181Córdoba,2018.0,1.0,Córdoba,349342.0,326894.0,13178.0,13237.0,101.0,11174.0,713926.0
20181Corrientes,2018.0,1.0,Corrientes,56937.0,35225.0,888.0,1334.0,11.0,319.0,94417.0
20181Entre Ríos,2018.0,1.0,Entre Ríos,106998.0,75751.0,3789.0,10776.0,48.0,752.0,197394.0
20181Formosa,2018.0,1.0,Formosa,23556.0,7095.0,17.0,1603.0,,,32328.0
20181Jujuy,2018.0,1.0,Jujuy,33856.0,10456.0,23.0,280.0,1.0,429.0,44406.0
20181La Pampa,2018.0,1.0,La Pampa,10807.0,51389.0,8386.0,10556.0,396.0,1530.0,83064.0
20181La Rioja,2018.0,1.0,La Rioja,16960.0,34984.0,13.0,2530.0,17.0,333.0,52245.0
20181Mendoza,2018.0,1.0,Mendoza,152931.0,36872.0,3086.0,6206.0,1484.0,368.0,200947.0
20181Misiones,2018.0,1.0,Misiones,56311.0,46880.0,328.0,50.0,,,103580.0
20181Neuquén,2018.0,1.0,Neuquén,46714.0,55072.0,1000.0,12404.0,2006.0,707.0,117903.0
20181Río Negro,2018.0,1.0,Río Negro,68769.0,31712.0,1251.0,4259.0,1062.0,4066.0,111119.0
20181Salta,2018.0,1.0,Salta,79936.0,51534.0,118.0,2040.0,1.0,1390.0,133183.0
20181San Juan,2018.0,1.0,San Juan,54080.0,5068.0,826.0,2246.0,658.0,390.0,63268.0
20181San Luis,2018.0,1.0,San Luis,11104.0,7594.0,368.0,160.0,300.0,2014.0,21396.0
20181Santa Cruz,2018.0,1.0,Santa Cruz,18615.0,4474.0,1799.0,6734.0,435.0,2348.0,34405.0
20181Santa Fe,2018.0,1.0,Santa Fe,341997.0,300421.0,10674.0,11636.0,309.0,14989.0,680026.0
20181Santiago Del Estero,2018.0,1.0,Santiago Del Estero,26788.0,54594.0,23.0,1432.0,2.0,808.0,82918.0
20181Tierra Del Fuego,2018.0,1.0,Tierra Del Fuego,19372.0,9663.0,531.0,10.0,508.0,1539.0,31614.0
20181Tucumán,2018.0,1.0,Tucumán,158611.0,8921.0,107.0,3680.0,31.0,469.0,168057.0
20174Buenos Aires,2017.0,4.0,Buenos Aires,1241172.0,1718013.0,131181.0,60082.0,10690.0,20758.0,3181896.0
20174Capital Federal,2017.0,4.0,Capital Federal,571363.0,961688.0,36277.0,3119.0,6906.0,2971.0,1582324.0
20174Catamarca,2017.0,4.0,Catamarca,27083.0,263.0,11.0,10.0,10.0,12.0,29558.0
20174Chaco,2017.0,4.0,Chaco,55035.0,39690.0,389.0,3800.0,12.0,1109.0,96615.0
20174Chubut,2017.0,4.0,Chubut,56378.0,15097.0,1187.0,1407.0,2428.0,4280.0,93440.0
20174Córdoba,2017.0,4.0,Córdoba,349710.0,324709.0,12778.0,12043.0,105.0,10634.0,709979.0
20174Corrientes,2017.0,4.0,Corrientes,56786.0,34722.0,894.0,1334.0,11.0,339.0,93771.0
20174Entre Ríos,2017.0,4.0,Entre Ríos,107764.0,73692.0,1894.0,10267.0,49.0,811.0,193703.0
20174Formosa,2017.0,4.0,Formosa,23410.0,6973.0,19.0,1603.0,,,32056.0
20174Jujuy,2017.0,4.0,Jujuy,33844.0,9626.0,20.0,280.0,1.0,339.0,43552.0
20174La Pampa,2017.0,4.0,La Pampa,10808.0,50495.0,8272.0,10569.0,396.0,1531.0,82071.0
20174La Rioja,2017.0,4.0,La Rioja,16912.0,34984.0,14.0,2530.0,17.0,293.0,52194.0
20174Mendoza,2017.0,4.0,Mendoza,152896.0,16114.0,3015.0,6206.0,1490.0,-1298.0,180151.0
20174Misiones,2017.0,4.0,Misiones,56271.0,47470.0,95.0,50.0,,,103895.0
20174Neuquén,2017.0,4.0,Neuquén,46739.0,54119.0,1017.0,12404.0,2006.0,686.0,116971.0
20174Río Negro,2017.0,4.0,Río Negro,68690.0,30451.0,1250.0,4259.0,1062.0,4052.0,109764.0
20174Salta,2017.0,4.0,Salta,80705.0,50446.0,127.0,1580.0,1.0,1375.0,132812.0
20174San Juan,2017.0,4.0,San Juan,54079.0,451.0,812.0,2246.0,659.0,377.0,58624.0
20174San Luis,2017.0,4.0,San Luis,11104.0,1119.0,335.0,170.0,300.0,2029.0,14904.0
20174Santa Cruz,2017.0,4.0,Santa Cruz,18614.0,1668.0,582.0,4638.0,434.0,-39.0,29452.0
20174Santa Fe,2017.0,4.0,Santa Fe,341680.0,293831.0,10602.0,10965.0,323.0,15059.0,672460.0
20174Santiago Del Estero,2017.0,4.0,Santiago Del Estero,27313.0,40407.0,19.0,1025.0,2.0,798.0,68844.0
20174Tierra Del Fuego,2017.0,4.0,Tierra Del Fuego,19372.0,6906.0,530.0,10.0,508.0,1537.0,28854.0
20174Tucumán,2017.0,4.0,Tucumán,156583.0,5223.0,105.0,1020.0,34.0,3156.0,162332.0
20173Buenos Aires,2017.0,3.0,Buenos Aires,1288025.0,1571180.0,124920.0,35058.0,11202.0,27575.0,3057960.0
20173Capital Federal,2017.0,3.0,Capital Federal,583249.0,941092.0,33481.0,2814.0,7070.0,2653.0,1570359.0
20173Catamarca,2017.0,3.0,Catamarca,26873.0,4411.0,12.0,10.0,11.0,2170.0,33478.0
20173Chaco,2017.0,3.0,Chaco,54888.0,37307.0,456.0,360.0,12.0,1060.0,93759.0
20173Chubut,2017.0,3.0,Chubut,56359.0,5645.0,1217.0,13503.0,2477.0,-1795.0,83544.0
20173Córdoba,2017.0,3.0,Córdoba,344580.0,319360.0,10579.0,7137.0,108.0,14880.0,696644.0
20173Corrientes,2017.0,3.0,Corrientes,56247.0,33993.0,947.0,1334.0,12.0,258.0,92548.0
20173Entre Ríos,2017.0,3.0,Entre Ríos,107774.0,69596.0,1786.0,6245.0,50.0,580.0,185464.0
20173Formosa,2017.0,3.0,Formosa,22647.0,6816.0,428.0,2202.0,,,32105.0
20173Jujuy,2017.0,3.0,Jujuy,33796.0,9395.0,20.0,230.0,1.0,79.0,43242.0
20173La Pampa,2017.0,3.0,La Pampa,11378.0,49679.0,5153.0,11536.0,410.0,1534.0,79690.0
20173La Rioja,2017.0,3.0,La Rioja,16638.0,34984.0,14.0,2520.0,17.0,233.0,51913.0
20173Mendoza,2017.0,3.0,Mendoza,154036.0,33788.0,2772.0,290.0,1533.0,333.0,192491.0
20173Misiones,2017.0,3.0,Misiones,56472.0,43880.0,110.0,50.0,,,100476.0
20173Neuquén,2017.0,3.0,Neuquén,48001.0,52468.0,1044.0,11576.0,2029.0,666.0,115784.0
20173Río Negro,2017.0,3.0,Río Negro,69301.0,30018.0,1106.0,3054.0,1103.0,2914.0,107496.0
20173Salta,2017.0,3.0,Salta,80782.0,50284.0,127.0,1580.0,1.0,1166.0,132518.0
20173San Juan,2017.0,3.0,San Juan,54499.0,5068.0,816.0,1053.0,660.0,353.0,62449.0
20173San Luis,2017.0,3.0,San Luis,11407.0,7576.0,347.0,260.0,311.0,2052.0,21719.0
20173Santa Cruz,2017.0,3.0,Santa Cruz,19220.0,5487.0,1544.0,4552.0,468.0,2419.0,33690.0
20173Santa Fe,2017.0,3.0,Santa Fe,322953.0,290655.0,6338.0,4897.0,256.0,37243.0,662342.0
20173Santiago Del Estero,2017.0,3.0,Santiago Del Estero,27733.0,54096.0,19.0,9110.0,2.0,348.0,82794.0
20173Tierra Del Fuego,2017.0,3.0,Tierra Del Fuego,21587.0,7012.0,622.0,10.0,583.0,1661.0,31466.0
20173Tucumán,2017.0,3.0,Tucumán,154130.0,6431.0,106.0,400.0,33.0,3017.0,161012.0
20172Buenos Aires,2017.0,2.0,Buenos Aires,1378549.0,1535037.0,119132.0,21555.0,11201.0,13157.0,3078631.0
20172Capital Federal,2017.0,2.0,Capital Federal,615262.0,932466.0,38628.0,2819.0,8016.0,3000.0,1600191.0
20172Catamarca,2017.0,2.0,Catamarca,26401.0,255.0,14.0,10.0,13.0,327.0,26705.0
20172Chaco,2017.0,2.0,Chaco,54449.0,35613.0,458.0,520.0,14.0,376.0,90611.0
20172Chubut,2017.0,2.0,Chubut,43994.0,1067.0,916.0,13194.0,1730.0,3074.0,63975.0
20172Córdoba,2017.0,2.0,Córdoba,341748.0,303488.0,4451.0,6446.0,133.0,1372.0,657638.0
20172Corrientes,2017.0,2.0,Corrientes,55262.0,33192.0,258.0,1354.0,12.0,298.0,90097.0
20172Entre Ríos,2017.0,2.0,Entre Ríos,108309.0,67650.0,254.0,6448.0,57.0,653.0,182732.0
20172Formosa,2017.0,2.0,Formosa,22493.0,6410.0,17.0,1023.0,,,29956.0
20172Jujuy,2017.0,2.0,Jujuy,33742.0,8858.0,22.0,0.0,1.0,349.0,42657.0
20172La Pampa,2017.0,2.0,La Pampa,12754.0,48310.0,5194.0,6253.0,449.0,4661.0,73022.0
20172La Rioja,2017.0,2.0,La Rioja,16244.0,0.0,15.0,20.0,18.0,262.0,16289.0
20172Mendoza,2017.0,2.0,Mendoza,153331.0,13030.0,2581.0,270.0,1451.0,333.0,170753.0
20172Misiones,2017.0,2.0,Misiones,56752.0,42925.0,103.0,50.0,,,99794.0
20172Neuquén,2017.0,2.0,Neuquén,51794.0,50283.0,1133.0,11545.0,2112.0,566.0,117433.0
20172Río Negro,2017.0,2.0,Río Negro,67038.0,29147.0,961.0,3213.0,998.0,-872.0,101619.0
20172Salta,2017.0,2.0,Salta,80184.0,27280.0,115.0,1580.0,1.0,8039.0,108541.0
20172San Juan,2017.0,2.0,San Juan,48670.0,451.0,772.0,1073.0,620.0,8530.0,51881.0
20172San Luis,2017.0,2.0,San Luis,11432.0,1120.0,354.0,260.0,315.0,3435.0,13307.0
20172Santa Cruz,2017.0,2.0,Santa Cruz,15311.0,2722.0,1365.0,4735.0,369.0,1886.0,26388.0
20172Santa Fe,2017.0,2.0,Santa Fe,329813.0,228102.0,3234.0,4958.0,362.0,811.0,567280.0
20172Santiago Del Estero,2017.0,2.0,Santiago Del Estero,28337.0,3900.0,19.0,9110.0,2.0,288.0,33196.0
20172Tierra Del Fuego,2017.0,2.0,Tierra Del Fuego,22636.0,6905.0,665.0,10.0,619.0,-384.0,32557.0
20172Tucumán,2017.0,2.0,Tucumán,149013.0,5223.0,116.0,140.0,37.0,413.0,154411.0
20171Buenos Aires,2017.0,1.0,Buenos Aires,1559178.0,1465817.0,118839.0,212.0,11202.0,13140.0,3189376.0
20171Capital Federal,2017.0,1.0,Capital Federal,428801.0,918328.0,38259.0,273.0,8016.0,2912.0,1399046.0
20171Catamarca,2017.0,1.0,Catamarca,26020.0,248.0,14.0,10.0,13.0,327.0,26317.0
20171Chaco,2017.0,1.0,Chaco,54430.0,34277.0,252.0,520.0,14.0,376.0,89050.0
20171Chubut,2017.0,1.0,Chubut,43994.0,999.0,916.0,13194.0,1730.0,3063.0,63896.0
20171Córdoba,2017.0,1.0,Córdoba,335673.0,293479.0,4871.0,5782.0,133.0,1261.0,641199.0
20171Corrientes,2017.0,1.0,Corrientes,54993.0,31994.0,236.0,1354.0,12.0,298.0,88608.0
20171Entre Ríos,2017.0,1.0,Entre Ríos,108509.0,65095.0,230.0,6448.0,57.0,653.0,180353.0
20171Formosa,2017.0,1.0,Formosa,22438.0,6215.0,16.0,1023.0,,,29705.0
20171Jujuy,2017.0,1.0,Jujuy,33869.0,9278.0,22.0,0.0,1.0,339.0,43203.0
20171La Pampa,2017.0,1.0,La Pampa,12754.0,47195.0,5194.0,6253.0,455.0,4715.0,71913.0
20171La Rioja,2017.0,1.0,La Rioja,16180.0,0.0,15.0,20.0,18.0,262.0,16225.0
20171Mendoza,2017.0,1.0,Mendoza,153326.0,13030.0,2581.0,270.0,1451.0,318.0,170733.0
20171Misiones,2017.0,1.0,Misiones,57363.0,40142.0,101.0,50.0,,,97619.0
20171Neuquén,2017.0,1.0,Neuquén,51771.0,48109.0,1124.0,11665.0,2112.0,-1845.0,115339.0
20171Río Negro,2017.0,1.0,Río Negro,67075.0,28785.0,954.0,3213.0,1000.0,261.0,101288.0
20171Salta,2017.0,1.0,Salta,79837.0,26845.0,114.0,1580.0,1.0,6789.0,107633.0
20171San Juan,2017.0,1.0,San Juan,48670.0,451.0,772.0,1073.0,620.0,8450.0,51873.0
20171San Luis,2017.0,1.0,San Luis,11432.0,1120.0,354.0,260.0,315.0,3435.0,13307.0
20171Santa Cruz,2017.0,1.0,Santa Cruz,15502.0,2722.0,1272.0,4733.0,370.0,1887.0,26486.0
20171Santa Fe,2017.0,1.0,Santa Fe,327458.0,226094.0,3210.0,4948.0,362.0,810.0,562882.0
20171Santiago Del Estero,2017.0,1.0,Santiago Del Estero,29616.0,3900.0,19.0,9110.0,2.0,288.0,34475.0
20171Tierra Del Fuego,2017.0,1.0,Tierra Del Fuego,22636.0,6905.0,665.0,10.0,619.0,-384.0,32557.0
20171Tucumán,2017.0,1.0,Tucumán,147373.0,5223.0,116.0,140.0,37.0,413.0,152771.0
20164Buenos Aires,2016.0,4.0,Buenos Aires,1563542.0,1414676.0,118747.0,21394.0,11202.0,13140.0,3142701.0
20164Capital Federal,2016.0,4.0,Capital Federal,434835.0,914952.0,38161.0,2583.0,8016.0,2912.0,1401459.0
20164Catamarca,2016.0,4.0,Catamarca,26735.0,250.0,14.0,10.0,13.0,327.0,27034.0
20164Chaco,2016.0,4.0,Chaco,54974.0,33534.0,248.0,520.0,14.0,376.0,88847.0
20164Chubut,2016.0,4.0,Chubut,43994.0,955.0,916.0,13107.0,1730.0,3063.0,63765.0
20164Córdoba,2016.0,4.0,Córdoba,337368.0,289344.0,3368.0,5686.0,133.0,7757.0,636555.0
20164Corrientes,2016.0,4.0,Corrientes,54981.0,31497.0,233.0,1354.0,12.0,298.0,88096.0
20164Entre Ríos,2016.0,4.0,Entre Ríos,109359.0,64141.0,226.0,6448.0,57.0,653.0,180245.0
20164Formosa,2016.0,4.0,Formosa,22400.0,6061.0,16.0,1023.0,,,29513.0
20164Jujuy,2016.0,4.0,Jujuy,33838.0,8731.0,22.0,0.0,1.0,339.0,42625.0
20164La Pampa,2016.0,4.0,La Pampa,12754.0,47245.0,5054.0,6253.0,460.0,4760.0,71828.0
20164La Rioja,2016.0,4.0,La Rioja,16270.0,0.0,16.0,20.0,18.0,262.0,16316.0
20164Mendoza,2016.0,4.0,Mendoza,153320.0,13030.0,2579.0,270.0,1451.0,318.0,170725.0
20164Misiones,2016.0,4.0,Misiones,57983.0,39294.0,100.0,50.0,,,97390.0
20164Neuquén,2016.0,4.0,Neuquén,51742.0,46389.0,1124.0,1191.0,2112.0,-1845.0,113835.0
20164Río Negro,2016.0,4.0,Río Negro,67057.0,28474.0,954.0,3274.0,1000.0,261.0,101020.0
20164Salta,2016.0,4.0,Salta,79389.0,26657.0,110.0,1580.0,1.0,6209.0,106935.0
20164San Juan,2016.0,4.0,San Juan,48670.0,451.0,772.0,1121.0,620.0,8450.0,51921.0
20164San Luis,2016.0,4.0,San Luis,11432.0,1120.0,354.0,260.0,315.0,3435.0,13307.0
20164Santa Cruz,2016.0,4.0,Santa Cruz,15607.0,2722.0,1055.0,4823.0,370.0,1887.0,26464.0
20164Santa Fe,2016.0,4.0,Santa Fe,326721.0,225792.0,3201.0,4946.0,362.0,810.0,561832.0
20164Santiago Del Estero,2016.0,4.0,Santiago Del Estero,30192.0,3900.0,19.0,9110.0,2.0,288.0,35051.0
20164Tierra Del Fuego,2016.0,4.0,Tierra Del Fuego,22636.0,6905.0,665.0,10.0,619.0,-384.0,32557.0
20164Tucumán,2016.0,4.0,Tucumán,146995.0,4482.0,116.0,140.0,37.0,413.0,151652.0
20163Buenos Aires,2016.0,3.0,Buenos Aires,1574216.0,1355770.0,113463.0,18867.0,11205.0,13071.0,3086592.0
20163Capital Federal,2016.0,3.0,Capital Federal,447726.0,905105.0,36796.0,2514.0,8051.0,2912.0,1403104.0
20163Catamarca,2016.0,3.0,Catamarca,26689.0,248.0,14.0,10.0,13.0,167.0,26970.0
20163Chaco,2016.0,3.0,Chaco,56251.0,32730.0,232.0,20.0,14.0,136.0,89230.0
20163Chubut,2016.0,3.0,Chubut,43987.0,935.0,916.0,13364.0,1730.0,-1255.0,63952.0
20163Córdoba,2016.0,3.0,Córdoba,348481.0,285480.0,2540.0,5695.0,133.0,3817.0,642591.0
20163Corrientes,2016.0,3.0,Corrientes,55934.0,30813.0,217.0,1354.0,12.0,208.0,88340.0
20163Entre Ríos,2016.0,3.0,Entre Ríos,112588.0,61850.0,206.0,6441.0,57.0,583.0,181149.0
20163Formosa,2016.0,3.0,Formosa,21800.0,5905.0,9.0,0.0,,,27716.0
20163Jujuy,2016.0,3.0,Jujuy,34250.0,8236.0,22.0,0.0,1.0,299.0,42538.0
20163La Pampa,2016.0,3.0,La Pampa,12751.0,45952.0,4910.0,6236.0,461.0,4689.0,70364.0
20163La Rioja,2016.0,3.0,La Rioja,16891.0,0.0,15.0,20.0,18.0,202.0,16930.0
20163Mendoza,2016.0,3.0,Mendoza,153233.0,13030.0,2576.0,280.0,1450.0,307.0,170624.0
20163Misiones,2016.0,3.0,Misiones,59776.0,38130.0,79.0,50.0,,,97997.0
20163Neuquén,2016.0,3.0,Neuquén,51752.0,44739.0,1093.0,12402.0,2112.0,505.0,112603.0
20163Río Negro,2016.0,3.0,Río Negro,67043.0,28496.0,942.0,3293.0,1002.0,250.0,101026.0
20163Salta,2016.0,3.0,Salta,80866.0,26113.0,90.0,1570.0,1.0,5649.0,107791.0
20163San Juan,2016.0,3.0,San Juan,48670.0,451.0,770.0,1174.0,620.0,8410.0,51968.0
20163San Luis,2016.0,3.0,San Luis,11432.0,1113.0,354.0,230.0,315.0,3395.0,13293.0
20163Santa Cruz,2016.0,3.0,Santa Cruz,15570.0,2722.0,817.0,4978.0,371.0,-154.0,26257.0
20163Santa Fe,2016.0,3.0,Santa Fe,334911.0,223011.0,3037.0,4862.0,386.0,-267.0,567011.0
20163Santiago Del Estero,2016.0,3.0,Santiago Del Estero,31730.0,3900.0,19.0,30.0,2.0,78.0,35660.0
20163Tierra Del Fuego,2016.0,3.0,Tierra Del Fuego,22636.0,6276.0,665.0,10.0,619.0,1728.0,31925.0
20163Tucumán,2016.0,3.0,Tucumán,147259.0,3850.0,116.0,530.0,37.0,373.0,151319.0
20162Buenos Aires,2016.0,2.0,Buenos Aires,1579448.0,1305949.0,113070.0,21163.0,12515.0,13146.0,3045291.0
20162Capital Federal,2016.0,2.0,Capital Federal,450644.0,892209.0,36669.0,239.0,9760.0,2912.0,1394584.0
20162Catamarca,2016.0,2.0,Catamarca,26262.0,245.0,14.0,10.0,13.0,327.0,26556.0
20162Chaco,2016.0,2.0,Chaco,56112.0,31825.0,221.0,520.0,16.0,394.0,88251.0
20162Chubut,2016.0,2.0,Chubut,43977.0,867.0,916.0,13293.0,1740.0,3063.0,63856.0
20162Córdoba,2016.0,2.0,Córdoba,348891.0,277615.0,1709.0,561.0,234.0,855.0,634914.0
20162Corrientes,2016.0,2.0,Corrientes,55511.0,29845.0,203.0,1354.0,24.0,406.0,86956.0
20162Entre Ríos,2016.0,2.0,Entre Ríos,112809.0,58768.0,169.0,6434.0,179.0,1751.0,178373.0
20162Formosa,2016.0,2.0,Formosa,22101.0,5658.0,6.0,1023.0,1.0,139.0,28802.0
20162Jujuy,2016.0,2.0,Jujuy,33758.0,7374.0,22.0,0.0,2.0,348.0,41189.0
20162La Pampa,2016.0,2.0,La Pampa,12754.0,44654.0,4708.0,6225.0,485.0,4985.0,68888.0
20162La Rioja,2016.0,2.0,La Rioja,16691.0,0.0,15.0,20.0,18.0,262.0,16736.0
20162Mendoza,2016.0,2.0,Mendoza,153321.0,13030.0,2576.0,290.0,1550.0,318.0,170824.0
20162Misiones,2016.0,2.0,Misiones,59573.0,36145.0,77.0,50.0,7.0,143.0,95815.0
20162Neuquén,2016.0,2.0,Neuquén,51742.0,42370.0,1088.0,12466.0,2291.0,558.0,110515.0
20162Río Negro,2016.0,2.0,Río Negro,67031.0,28100.0,939.0,33.0,1073.0,261.0,100704.0
20162Salta,2016.0,2.0,Salta,79438.0,24719.0,85.0,1510.0,3.0,5387.0,104932.0
20162San Juan,2016.0,2.0,San Juan,48670.0,451.0,770.0,1214.0,621.0,8459.0,52013.0
20162San Luis,2016.0,2.0,San Luis,11432.0,1063.0,354.0,300.0,317.0,3453.0,13256.0
20162Santa Cruz,2016.0,2.0,Santa Cruz,15453.0,2722.0,396.0,4996.0,356.0,2230.0,26153.0
20162Santa Fe,2016.0,2.0,Santa Fe,336244.0,219088.0,2981.0,4744.0,607.0,810.0,564474.0
20162Santiago Del Estero,2016.0,2.0,Santiago Del Estero,32101.0,3900.0,19.0,9110.0,3.0,297.0,36961.0
20162Tierra Del Fuego,2016.0,2.0,Tierra Del Fuego,22636.0,5707.0,665.0,10.0,619.0,-384.0,31359.0
20162Tucumán,2016.0,2.0,Tucumán,145486.0,2968.0,116.0,580.0,41.0,449.0,148677.0
20161Buenos Aires,2016.0,1.0,Buenos Aires,1583560.0,1200859.0,111231.0,21108.0,12612.0,13145.0,2942515.0
20161Capital Federal,2016.0,1.0,Capital Federal,454425.0,832126.0,36332.0,2284.0,9817.0,2912.0,1337896.0
20161Catamarca,2016.0,1.0,Catamarca,26096.0,243.0,15.0,10.0,13.0,327.0,26389.0
20161Chaco,2016.0,1.0,Chaco,56353.0,29994.0,211.0,520.0,16.0,394.0,86651.0
20161Chubut,2016.0,1.0,Chubut,43967.0,834.0,916.0,1328.0,1740.0,3063.0,63800.0
20161Córdoba,2016.0,1.0,Córdoba,350884.0,252346.0,674.0,5636.0,234.0,3626.0,609926.0
20161Corrientes,2016.0,1.0,Corrientes,55454.0,28491.0,192.0,1354.0,26.0,424.0,85536.0
20161Entre Ríos,2016.0,1.0,Entre Ríos,113101.0,54948.0,146.0,6425.0,179.0,1751.0,174813.0
20161Formosa,2016.0,1.0,Formosa,21852.0,5420.0,5.0,1023.0,1.0,139.0,28314.0
20161Jujuy,2016.0,1.0,Jujuy,33481.0,6751.0,22.0,0.0,2.0,348.0,40289.0
20161La Pampa,2016.0,1.0,La Pampa,12754.0,41881.0,4536.0,6209.0,487.0,5003.0,65929.0
20161La Rioja,2016.0,1.0,La Rioja,16645.0,0.0,16.0,20.0,18.0,262.0,16691.0
20161Mendoza,2016.0,1.0,Mendoza,153299.0,13030.0,2576.0,340.0,1553.0,318.0,170810.0
20161Misiones,2016.0,1.0,Misiones,59538.0,33330.0,70.0,50.0,7.0,143.0,92958.0
20161Neuquén,2016.0,1.0,Neuquén,51702.0,36122.0,1085.0,12502.0,2292.0,-2007.0,104261.0
20161Río Negro,2016.0,1.0,Río Negro,66894.0,27312.0,937.0,3341.0,1077.0,261.0,99822.0
20161Salta,2016.0,1.0,Salta,78973.0,22741.0,73.0,1320.0,3.0,5067.0,102426.0
20161San Juan,2016.0,1.0,San Juan,48670.0,451.0,770.0,1195.0,621.0,8459.0,51994.0
20161San Luis,2016.0,1.0,San Luis,11432.0,1042.0,354.0,270.0,317.0,3453.0,13232.0
20161Santa Cruz,2016.0,1.0,Santa Cruz,15654.0,2723.0,396.0,5088.0,356.0,2070.0,26287.0
20161Santa Fe,2016.0,1.0,Santa Fe,338052.0,204816.0,3014.0,4686.0,618.0,810.0,551996.0
20161Santiago Del Estero,2016.0,1.0,Santiago Del Estero,32838.0,3900.0,19.0,9110.0,3.0,297.0,37698.0
20161Tierra Del Fuego,2016.0,1.0,Tierra Del Fuego,22636.0,4834.0,665.0,10.0,619.0,-384.0,30486.0
20161Tucumán,2016.0,1.0,Tucumán,144233.0,2165.0,116.0,740.0,41.0,449.0,146637.0
20154Buenos Aires,2015.0,4.0,Buenos Aires,1586343.0,1223603.0,103269.0,20397.0,12642.0,13131.0,2959385.0
20154Capital Federal,2015.0,4.0,Capital Federal,455427.0,879950.0,19818.0,2273.0,9845.0,2913.0,1370226.0
20154Catamarca,2015.0,4.0,Catamarca,26180.0,242.0,15.0,10.0,13.0,327.0,26472.0
20154Chaco,2015.0,4.0,Chaco,56818.0,29456.0,186.0,520.0,16.0,394.0,86553.0
20154Chubut,2015.0,4.0,Chubut,43968.0,811.0,916.0,13521.0,1740.0,3063.0,64019.0
20154Córdoba,2015.0,4.0,Córdoba,353530.0,266062.0,480.0,5613.0,235.0,3615.0,626070.0
20154Corrientes,2015.0,4.0,Corrientes,55681.0,28178.0,177.0,1354.0,26.0,424.0,85435.0
20154Entre Ríos,2015.0,4.0,Entre Ríos,113983.0,53411.0,122.0,6427.0,180.0,1760.0,174137.0
20154Formosa,2015.0,4.0,Formosa,21734.0,5314.0,4.0,1023.0,1.0,139.0,28089.0
20154Jujuy,2015.0,4.0,Jujuy,32934.0,6933.0,22.0,0.0,2.0,348.0,39924.0
20154La Pampa,2015.0,4.0,La Pampa,12755.0,42705.0,4327.0,6205.0,312.0,3428.0,66366.0
20154La Rioja,2015.0,4.0,La Rioja,16886.0,0.0,16.0,20.0,18.0,262.0,16932.0
20154Mendoza,2015.0,4.0,Mendoza,153293.0,13030.0,2572.0,380.0,1556.0,318.0,170807.0
20154Misiones,2015.0,4.0,Misiones,60252.0,32533.0,48.0,50.0,7.0,143.0,92853.0
20154Neuquén,2015.0,4.0,Neuquén,51680.0,38902.0,1048.0,12934.0,2294.0,558.0,107416.0
20154Río Negro,2015.0,4.0,Río Negro,66851.0,27221.0,915.0,3407.0,1067.0,261.0,99722.0
20154Salta,2015.0,4.0,Salta,78744.0,22446.0,47.0,1290.0,3.0,5537.0,101920.0
20154San Juan,2015.0,4.0,San Juan,48670.0,451.0,770.0,123.0,621.0,8459.0,52029.0
20154San Luis,2015.0,4.0,San Luis,11432.0,1025.0,354.0,300.0,317.0,3453.0,13218.0
20154Santa Cruz,2015.0,4.0,Santa Cruz,15614.0,2723.0,396.0,5261.0,356.0,2053.0,26403.0
20154Santa Fe,2015.0,4.0,Santa Fe,339843.0,212911.0,2885.0,4596.0,627.0,810.0,561672.0
20154Santiago Del Estero,2015.0,4.0,Santiago Del Estero,33582.0,4365.0,19.0,1139.0,3.0,297.0,39135.0
20154Tierra Del Fuego,2015.0,4.0,Tierra Del Fuego,22636.0,4301.0,665.0,10.0,619.0,-384.0,29953.0
20154Tucumán,2015.0,4.0,Tucumán,144188.0,1653.0,116.0,880.0,42.0,458.0,146095.0
20153Buenos Aires,2015.0,3.0,Buenos Aires,1585467.0,1183894.0,113590.0,19989.0,12695.0,13130.0,2928765.0
20153Capital Federal,2015.0,3.0,Capital Federal,454815.0,871262.0,30974.0,2229.0,9875.0,2913.0,1372068.0
20153Catamarca,2015.0,3.0,Catamarca,25801.0,242.0,15.0,10.0,13.0,327.0,26093.0
20153Chaco,2015.0,3.0,Chaco,56282.0,28809.0,186.0,520.0,16.0,394.0,85370.0
20153Chubut,2015.0,3.0,Chubut,43964.0,792.0,916.0,13408.0,1740.0,3063.0,63883.0
20153Córdoba,2015.0,3.0,Córdoba,351692.0,264055.0,1450.0,5412.0,237.0,3653.0,622998.0
20153Corrientes,2015.0,3.0,Corrientes,55792.0,27604.0,176.0,134.0,28.0,442.0,84959.0
20153Entre Ríos,2015.0,3.0,Entre Ríos,113909.0,51945.0,122.0,6261.0,182.0,1788.0,172434.0
20153Formosa,2015.0,3.0,Formosa,21573.0,5264.0,2.0,8990.0,1.0,139.0,27752.0
20153Jujuy,2015.0,3.0,Jujuy,32598.0,6895.0,22.0,0.0,2.0,348.0,39550.0
20153La Pampa,2015.0,3.0,La Pampa,12755.0,41886.0,4078.0,6195.0,495.0,5075.0,65471.0
20153La Rioja,2015.0,3.0,La Rioja,16725.0,0.0,16.0,20.0,18.0,262.0,16771.0
20153Mendoza,2015.0,3.0,Mendoza,153299.0,13030.0,2572.0,420.0,1562.0,-1374.0,170823.0
20153Misiones,2015.0,3.0,Misiones,59921.0,31635.0,46.0,50.0,7.0,143.0,91622.0
20153Neuquén,2015.0,3.0,Neuquén,47102.0,36620.0,1045.0,13051.0,2240.0,558.0,100616.0
20153Río Negro,2015.0,3.0,Río Negro,66806.0,27130.0,917.0,3415.0,1085.0,261.0,99614.0
20153Salta,2015.0,3.0,Salta,78064.0,21688.0,47.0,1290.0,3.0,6447.0,100573.0
20153San Juan,2015.0,3.0,San Juan,48670.0,451.0,770.0,1231.0,621.0,8459.0,52030.0
20153San Luis,2015.0,3.0,San Luis,11432.0,1025.0,354.0,310.0,317.0,3453.0,13219.0
20153Santa Cruz,2015.0,3.0,Santa Cruz,15540.0,2718.0,396.0,5226.0,359.0,2032.0,26271.0
20153Santa Fe,2015.0,3.0,Santa Fe,337042.0,209673.0,4169.0,4426.0,641.0,787.0,556738.0
20153Santiago Del Estero,2015.0,3.0,Santiago Del Estero,33886.0,4365.0,19.0,1097.0,3.0,297.0,39397.0
20153Tierra Del Fuego,2015.0,3.0,Tierra Del Fuego,22636.0,8085.0,665.0,10.0,619.0,-384.0,33737.0
20153Tucumán,2015.0,3.0,Tucumán,142925.0,1135.0,116.0,880.0,42.0,458.0,144314.0
20152Buenos Aires,2015.0,2.0,Buenos Aires,1581770.0,1141052.0,115660.0,19268.0,12711.0,-10107.0,2883790.0
20152Capital Federal,2015.0,2.0,Capital Federal,453178.0,858342.0,19786.0,2172.0,9893.0,2913.0,1346284.0
20152Catamarca,2015.0,2.0,Catamarca,25387.0,242.0,15.0,10.0,13.0,327.0,25679.0
20152Chaco,2015.0,2.0,Chaco,55767.0,27809.0,179.0,520.0,16.0,394.0,83848.0
20152Chubut,2015.0,2.0,Chubut,43949.0,762.0,916.0,13055.0,1740.0,3063.0,63485.0
20152Córdoba,2015.0,2.0,Córdoba,348130.0,255596.0,435.0,5199.0,236.0,3624.0,609746.0
20152Corrientes,2015.0,2.0,Corrientes,55238.0,26553.0,157.0,1321.0,28.0,442.0,83316.0
20152Entre Ríos,2015.0,2.0,Entre Ríos,113378.0,49767.0,119.0,6031.0,183.0,1787.0,169492.0
20152Formosa,2015.0,2.0,Formosa,21097.0,5164.0,2.0,7370.0,37.0,463.0,27050.0
20152Jujuy,2015.0,2.0,Jujuy,32183.0,5482.0,22.0,0.0,2.0,348.0,37722.0
20152La Pampa,2015.0,2.0,La Pampa,12756.0,40825.0,3719.0,619.0,500.0,5120.0,64052.0
20152La Rioja,2015.0,2.0,La Rioja,16463.0,0.0,16.0,20.0,18.0,262.0,16509.0
20152Mendoza,2015.0,2.0,Mendoza,153301.0,13030.0,2572.0,380.0,1564.0,318.0,170823.0
20152Misiones,2015.0,2.0,Misiones,59179.0,29283.0,37.0,50.0,7.0,143.0,88519.0
20152Neuquén,2015.0,2.0,Neuquén,47078.0,34183.0,1044.0,12781.0,2241.0,558.0,97885.0
20152Río Negro,2015.0,2.0,Río Negro,66738.0,26268.0,916.0,3457.0,1087.0,261.0,98727.0
20152Salta,2015.0,2.0,Salta,77214.0,20297.0,47.0,1290.0,3.0,5797.0,98267.0
20152San Juan,2015.0,2.0,San Juan,48670.0,451.0,770.0,1189.0,621.0,8459.0,51988.0
20152San Luis,2015.0,2.0,San Luis,11432.0,1025.0,354.0,330.0,317.0,3453.0,13221.0
20152Santa Cruz,2015.0,2.0,Santa Cruz,15343.0,2707.0,396.0,4917.0,379.0,-355.0,25763.0
20152Santa Fe,2015.0,2.0,Santa Fe,333117.0,204685.0,2877.0,432.0,649.0,740.0,546388.0
20152Santiago Del Estero,2015.0,2.0,Santiago Del Estero,33873.0,4365.0,19.0,1091.0,3.0,297.0,39378.0
20152Tierra Del Fuego,2015.0,2.0,Tierra Del Fuego,22636.0,7927.0,665.0,10.0,619.0,-384.0,33579.0
20152Tucumán,2015.0,2.0,Tucumán,139944.0,479.0,116.0,880.0,42.0,458.0,140677.0
20151Buenos Aires,2015.0,1.0,Buenos Aires,1583135.0,1096836.0,134177.0,18754.0,14766.0,-11872.0,2861842.0
20151Capital Federal,2015.0,1.0,Capital Federal,454934.0,841743.0,19334.0,1994.0,11582.0,3134.0,1332721.0
20151Catamarca,2015.0,1.0,Catamarca,25033.0,241.0,16.0,10.0,20.0,390.0,25332.0
20151Chaco,2015.0,1.0,Chaco,54952.0,26161.0,164.0,270.0,31.0,529.0,81360.0
20151Chubut,2015.0,1.0,Chubut,45645.0,717.0,906.0,1254.0,1946.0,3519.0,65273.0
20151Córdoba,2015.0,1.0,Córdoba,343883.0,247564.0,415.0,4645.0,294.0,4206.0,596957.0
20151Corrientes,2015.0,1.0,Corrientes,54649.0,25372.0,129.0,1319.0,43.0,577.0,81531.0
20151Entre Ríos,2015.0,1.0,Entre Ríos,112363.0,47411.0,108.0,5943.0,231.0,2219.0,166070.0
20151Formosa,2015.0,1.0,Formosa,21022.0,4951.0,1.0,6700.0,43.0,517.0,26700.0
20151Jujuy,2015.0,1.0,Jujuy,31505.0,5048.0,22.0,0.0,3.0,357.0,36611.0
20151La Pampa,2015.0,1.0,La Pampa,13143.0,39571.0,3215.0,6164.0,542.0,5498.0,62697.0
20151La Rioja,2015.0,1.0,La Rioja,16282.0,0.0,16.0,20.0,23.0,307.0,16333.0
20151Mendoza,2015.0,1.0,Mendoza,152433.0,13030.0,2542.0,290.0,1805.0,321.0,170160.0
20151Misiones,2015.0,1.0,Misiones,58262.0,26836.0,30.0,50.0,7.0,123.0,85146.0
20151Neuquén,2015.0,1.0,Neuquén,47518.0,32152.0,1024.0,12088.0,2369.0,-2073.0,95742.0
20151Río Negro,2015.0,1.0,Río Negro,66274.0,25217.0,907.0,3473.0,1188.0,274.0,97333.0
20151Salta,2015.0,1.0,Salta,76280.0,19781.0,47.0,1290.0,18.0,5722.0,96811.0
20151San Juan,2015.0,1.0,San Juan,48441.0,451.0,755.0,1165.0,702.0,305.0,51819.0
20151San Luis,2015.0,1.0,San Luis,11414.0,1025.0,351.0,300.0,354.0,3766.0,13232.0
20151Santa Cruz,2015.0,1.0,Santa Cruz,16215.0,2700.0,392.0,4772.0,424.0,2138.0,26641.0
20151Santa Fe,2015.0,1.0,Santa Fe,328809.0,199037.0,2845.0,4239.0,797.0,710.0,536437.0
20151Santiago Del Estero,2015.0,1.0,Santiago Del Estero,33813.0,4365.0,19.0,102.0,8.0,342.0,39252.0
20151Tierra Del Fuego,2015.0,1.0,Tierra Del Fuego,22291.0,7924.0,657.0,10.0,730.0,1853.0,33456.0
20151Tucumán,2015.0,1.0,Tucumán,137857.0,115.0,116.0,880.0,92.0,908.0,138276.0
20144Buenos Aires,2014.0,4.0,Buenos Aires,1575978.0,1070135.0,120528.0,17728.0,15229.0,16809.0,2816407.0
20144Capital Federal,2014.0,4.0,Capital Federal,455785.0,840224.0,17155.0,1962.0,11994.0,3400.0,1330520.0
20144Catamarca,2014.0,4.0,Catamarca,25192.0,241.0,16.0,0.0,21.0,419.0,25493.0
20144Chaco,2014.0,4.0,Chaco,55024.0,10918.0,31.0,0.0,37.0,583.0,66035.0
20144Chubut,2014.0,4.0,Chubut,48539.0,697.0,891.0,12256.0,1985.0,4174.0,68542.0
20144Córdoba,2014.0,4.0,Córdoba,345157.0,240452.0,419.0,3918.0,319.0,4541.0,590432.0
20144Corrientes,2014.0,4.0,Corrientes,54754.0,9526.0,40.0,1315.0,54.0,696.0,65710.0
20144Entre Ríos,2014.0,4.0,Entre Ríos,112291.0,23027.0,57.0,5178.0,246.0,2354.0,140813.0
20144Formosa,2014.0,4.0,Formosa,21245.0,4896.0,1.0,0.0,51.0,599.0,26207.0
20144Jujuy,2014.0,4.0,Jujuy,31349.0,4583.0,22.0,370.0,3.0,107.0,36002.0
20144La Pampa,2014.0,4.0,La Pampa,16043.0,34281.0,514.0,5894.0,567.0,5913.0,57380.0
20144La Rioja,2014.0,4.0,La Rioja,16352.0,0.0,17.0,0.0,23.0,307.0,16402.0
20144Mendoza,2014.0,4.0,Mendoza,151797.0,13030.0,2534.0,310.0,1848.0,374.0,169614.0
20144Misiones,2014.0,4.0,Misiones,58435.0,18613.0,16.0,1500.0,7.0,143.0,77229.0
20144Neuquén,2014.0,4.0,Neuquén,47721.0,31778.0,1014.0,11853.0,2397.0,-2094.0,95396.0
20144Río Negro,2014.0,4.0,Río Negro,66307.0,23703.0,901.0,3819.0,1210.0,-1057.0,96260.0
20144Salta,2014.0,4.0,Salta,76026.0,17289.0,48.0,60.0,26.0,5754.0,93947.0
20144San Juan,2014.0,4.0,San Juan,48653.0,451.0,740.0,1202.0,729.0,344.0,52119.0
20144San Luis,2014.0,4.0,San Luis,11419.0,926.0,355.0,240.0,359.0,3871.0,13147.0
20144Santa Cruz,2014.0,4.0,Santa Cruz,17553.0,448.0,388.0,4395.0,436.0,2493.0,25713.0
20144Santa Fe,2014.0,4.0,Santa Fe,335267.0,183009.0,3205.0,6282.0,938.0,696.0,529397.0
20144Santiago Del Estero,2014.0,4.0,Santiago Del Estero,34110.0,4231.0,19.0,9200.0,9.0,361.0,39317.0
20144Tierra Del Fuego,2014.0,4.0,Tierra Del Fuego,21948.0,3664.0,655.0,10.0,741.0,1981.0,28990.0
20144Tucumán,2014.0,4.0,Tucumán,137093.0,97.0,116.0,130.0,95.0,955.0,137424.0
20143Buenos Aires,2014.0,3.0,Buenos Aires,1562533.0,1110628.0,124474.0,20049.0,14028.0,17853.0,2849565.0
20143Capital Federal,2014.0,3.0,Capital Federal,450155.0,833402.0,17886.0,1995.0,10630.0,3757.0,1317825.0
20143Catamarca,2014.0,3.0,Catamarca,24380.0,244.0,15.0,0.0,21.0,449.0,24686.0
20143Chaco,2014.0,3.0,Chaco,53321.0,10336.0,29.0,10.0,36.0,554.0,63746.0
20143Chubut,2014.0,3.0,Chubut,49219.0,668.0,882.0,11853.0,2007.0,4508.0,69137.0
20143Córdoba,2014.0,3.0,Córdoba,340212.0,240334.0,444.0,4064.0,200.0,3570.0,585431.0
20143Corrientes,2014.0,3.0,Corrientes,52957.0,9184.0,31.0,1312.0,33.0,617.0,63549.0
20143Entre Ríos,2014.0,3.0,Entre Ríos,108907.0,22440.0,48.0,5203.0,115.0,1235.0,136733.0
20143Formosa,2014.0,3.0,Formosa,21021.0,4836.0,0.0,0.0,64.0,736.0,25937.0
20143Jujuy,2014.0,3.0,Jujuy,30128.0,3541.0,22.0,370.0,2.0,128.0,33741.0
20143La Pampa,2014.0,3.0,La Pampa,16051.0,33940.0,538.0,11219.0,564.0,6206.0,62425.0
20143La Rioja,2014.0,3.0,La Rioja,15864.0,0.0,14.0,10.0,23.0,347.0,15916.0
20143Mendoza,2014.0,3.0,Mendoza,150120.0,13030.0,2512.0,400.0,1740.0,482.0,167924.0
20143Misiones,2014.0,3.0,Misiones,56933.0,18373.0,4.0,30.0,,,75327.0
20143Neuquén,2014.0,3.0,Neuquén,54458.0,30964.0,1000.0,12858.0,2268.0,819.0,102367.0
20143Río Negro,2014.0,3.0,Río Negro,65264.0,26590.0,888.0,3533.0,1151.0,354.0,97780.0
20143Salta,2014.0,3.0,Salta,73828.0,18394.0,43.0,1090.0,25.0,5775.0,92954.0
20143San Juan,2014.0,3.0,San Juan,48272.0,451.0,731.0,1199.0,748.0,378.0,51779.0
20143San Luis,2014.0,3.0,San Luis,11303.0,925.0,355.0,250.0,363.0,4017.0,13046.0
20143Santa Cruz,2014.0,3.0,Santa Cruz,17862.0,492.0,385.0,4273.0,446.0,2652.0,26110.0
20143Santa Fe,2014.0,3.0,Santa Fe,325577.0,183630.0,4407.0,654.0,691.0,6639.0,520887.0
20143Santiago Del Estero,2014.0,3.0,Santiago Del Estero,32820.0,3900.0,19.0,7680.0,9.0,401.0,37548.0
20143Tierra Del Fuego,2014.0,3.0,Tierra Del Fuego,21840.0,3469.0,650.0,10.0,755.0,2077.0,28792.0
20143Tucumán,2014.0,3.0,Tucumán,131739.0,97.0,117.0,130.0,88.0,912.0,132066.0
20142Buenos Aires,2014.0,2.0,Buenos Aires,1568881.0,1025490.0,120008.0,1702.0,14116.0,19031.0,2764546.0
20142Capital Federal,2014.0,2.0,Capital Federal,447637.0,828411.0,17729.0,1883.0,10713.0,3842.0,1310215.0
20142Catamarca,2014.0,2.0,Catamarca,24380.0,243.0,17.0,0.0,23.0,407.0,24683.0
20142Chaco,2014.0,2.0,Chaco,53321.0,9870.0,30.0,0.0,36.0,544.0,63279.0
20142Chubut,2014.0,2.0,Chubut,51070.0,649.0,866.0,1096.0,2016.0,4958.0,70519.0
20142Córdoba,2014.0,2.0,Córdoba,337825.0,234729.0,351.0,3673.0,205.0,3535.0,576952.0
20142Corrientes,2014.0,2.0,Corrientes,52883.0,8680.0,31.0,1309.0,33.0,517.0,62958.0
20142Entre Ríos,2014.0,2.0,Entre Ríos,108900.0,21706.0,49.0,4795.0,115.0,1215.0,135583.0
20142Formosa,2014.0,2.0,Formosa,20894.0,4628.0,0.0,0.0,65.0,715.0,25600.0
20142Jujuy,2014.0,2.0,Jujuy,30128.0,4161.0,23.0,400.0,2.0,88.0,34361.0
20142La Pampa,2014.0,2.0,La Pampa,15957.0,32600.0,513.0,5869.0,580.0,6310.0,55628.0
20142La Rioja,2014.0,2.0,La Rioja,15864.0,0.0,14.0,0.0,23.0,317.0,15912.0
20142Mendoza,2014.0,2.0,Mendoza,148979.0,13030.0,2480.0,360.0,1761.0,521.0,166807.0
20142Misiones,2014.0,2.0,Misiones,56933.0,17594.0,4.0,1500.0,,,74689.0
20142Neuquén,2014.0,2.0,Neuquén,47767.0,29776.0,997.0,10765.0,2235.0,748.0,92288.0
20142Río Negro,2014.0,2.0,Río Negro,64920.0,24944.0,876.0,3657.0,1145.0,-989.0,95957.0
20142Salta,2014.0,2.0,Salta,73841.0,17504.0,45.0,70.0,25.0,5745.0,91974.0
20142San Juan,2014.0,2.0,San Juan,48161.0,451.0,722.0,1139.0,755.0,418.0,51646.0
20142San Luis,2014.0,2.0,San Luis,11306.0,925.0,354.0,220.0,364.0,4116.0,13055.0
20142Santa Cruz,2014.0,2.0,Santa Cruz,18956.0,448.0,381.0,4118.0,459.0,2807.0,27169.0
20142Santa Fe,2014.0,2.0,Santa Fe,324101.0,178495.0,3085.0,6041.0,605.0,5755.0,512358.0
20142Santiago Del Estero,2014.0,2.0,Santiago Del Estero,32820.0,4231.0,19.0,9070.0,9.0,331.0,38011.0
20142Tierra Del Fuego,2014.0,2.0,Tierra Del Fuego,21618.0,3008.0,648.0,10.0,766.0,2168.0,28209.0
20142Tucumán,2014.0,2.0,Tucumán,131740.0,97.0,121.0,130.0,88.0,892.0,132069.0
20141Buenos Aires,2014.0,1.0,Buenos Aires,1567685.0,1000879.0,120960.0,16528.0,14144.0,19680.0,2739876.0
20141Capital Federal,2014.0,1.0,Capital Federal,445569.0,820161.0,17767.0,1866.0,10714.0,3841.0,1299918.0
20141Catamarca,2014.0,1.0,Catamarca,24126.0,46.0,17.0,0.0,23.0,407.0,24232.0
20141Chaco,2014.0,1.0,Chaco,52971.0,9497.0,30.0,0.0,36.0,544.0,62556.0
20141Chubut,2014.0,1.0,Chubut,51066.0,539.0,866.0,10776.0,2016.0,4958.0,70221.0
20141Córdoba,2014.0,1.0,Córdoba,336841.0,225769.0,347.0,3585.0,205.0,3475.0,566910.0
20141Corrientes,2014.0,1.0,Corrientes,52565.0,8279.0,31.0,1306.0,33.0,517.0,62236.0
20141Entre Ríos,2014.0,1.0,Entre Ríos,107883.0,21379.0,49.0,4887.0,115.0,1215.0,134331.0
20141Formosa,2014.0,1.0,Formosa,20774.0,4548.0,0.0,0.0,87.0,913.0,25422.0
20141Jujuy,2014.0,1.0,Jujuy,29765.0,4030.0,23.0,0.0,2.0,88.0,33827.0
20141La Pampa,2014.0,1.0,La Pampa,15826.0,31305.0,513.0,5848.0,592.0,6418.0,54193.0
20141La Rioja,2014.0,1.0,La Rioja,15663.0,0.0,14.0,0.0,23.0,317.0,15711.0
20141Mendoza,2014.0,1.0,Mendoza,148970.0,12076.0,2480.0,370.0,1761.0,521.0,165845.0
20141Misiones,2014.0,1.0,Misiones,56597.0,17191.0,4.0,1500.0,,,73950.0
20141Neuquén,2014.0,1.0,Neuquén,47790.0,28161.0,997.0,10381.0,2303.0,748.0,90380.0
20141Río Negro,2014.0,1.0,Río Negro,64886.0,24156.0,876.0,3576.0,1157.0,415.0,95066.0
20141Salta,2014.0,1.0,Salta,73131.0,17538.0,45.0,80.0,25.0,5655.0,91290.0
20141San Juan,2014.0,1.0,San Juan,48161.0,434.0,722.0,8080.0,755.0,418.0,51298.0
20141San Luis,2014.0,1.0,San Luis,11306.0,428.0,354.0,210.0,364.0,4116.0,12557.0
20141Santa Cruz,2014.0,1.0,Santa Cruz,18927.0,100.0,381.0,4092.0,460.0,2804.0,26764.0
20141Santa Fe,2014.0,1.0,Santa Fe,322662.0,174296.0,3059.0,5951.0,612.0,5828.0,506612.0
20141Santiago Del Estero,2014.0,1.0,Santiago Del Estero,32567.0,3598.0,19.0,9150.0,9.0,331.0,37133.0
20141Tierra Del Fuego,2014.0,1.0,Tierra Del Fuego,21618.0,2837.0,648.0,10.0,766.0,2168.0,28038.0
20141Tucumán,2014.0,1.0,Tucumán,129717.0,83.0,121.0,130.0,88.0,892.0,130032.0
"Los datos provinciales no coinciden a nivel nacional, ya que se rincorporó información que no contien apertuta a nivel geográfico.nan",,,,,,,,,,
