Año,Trimestre,Provincia,HASTA 512 kbps,+ 512 Kbps - 1 Mbps,+ 1 Mbps - 6 Mbps,+ 6 Mbps - 10 Mbps,+ 10 Mbps - 20 Mbps,+ 20 Mbps - 30 Mbps,+ 30 Mbps,OTROS,Total
2022,3,Buenos Aires,29985,27709,290315,297915,267044,12419,3618689,65821,4721668
2022,3,Capital Federal,5170,5742,34371,67829,51946,28692,1253105,105477,1547679
2022,3,Catamarca,710,3840,3107,5389,5099,3737,50298,2208,70293
2022,3,Chaco,4610,9870,16782,18938,8049,15828,79390,3711,144146
2022,3,Chubut,1090,1444,45707,3094,34682,15309,17563,20024,165778
2022,3,Córdoba,990,11312,153324,111615,70989,27112,650344,13873,1038668
2022,3,Corrientes,670,3865,23427,23948,7776,21706,56950,7107,144846
2022,3,Entre Ríos,1070,5549,47210,46855,18263,32021,102195,16759,268959
2022,3,Formosa,970,3070,23538,19545,6194,5640,17704,5890,68538
2022,3,Jujuy,580,1879,19135,15254,36083,5190,45895,0,118823
2022,3,La Pampa,680,1887,61540,9653,11592,5609,22731,3012,116092
2022,3,La Rioja,180,6890,2842,3375,24219,5331,50390,0,86864
2022,3,Mendoza,1030,2953,44232,21977,48201,17243,150043,4771,289523
2022,3,Misiones,510,3749,36628,20758,12676,19615,80330,835,182157
2022,3,Neuquén,1340,9910,38485,1408,92,67,78713,14858,163161
2022,3,Río Negro,1110,1221,32936,1786,27934,13629,42596,24271,160558
2022,3,Salta,1140,149,32923,71199,5662,1001,85661,6491,204541
2022,3,San Juan,240,2027,30324,11247,22157,678,19221,11619,103399
2022,3,San Luis,600,3070,6563,20813,12061,67438,13,14815,122070
2022,3,Santa Cruz,520,6841,12342,11313,11378,2333,4604,6470,49510
2022,3,Santa Fe,4680,11132,132709,198588,70897,57455,396352,20209,887810
2022,3,Santiago Del Estero,1780,1384,28357,58982,16087,9100,12342,7920,119032
2022,3,Tierra Del Fuego,220,8310,12002,14815,20102,1752,1021,3351,53896
2022,3,Tucumán,390,2047,32571,39018,25214,4348,159600,2800,263117
2022,2,Buenos Aires,30639,28323,295238,307554,273954,129869,3535757,65849,4667183
2022,2,Capital Federal,5170,598,36036,72434,55372,31571,1229254,105607,1536771
2022,2,Catamarca,710,4130,3678,6155,7165,3393,43926,2207,67008
2022,2,Chaco,4610,1047,17603,20109,8391,15974,76271,3708,143564
2022,2,Chubut,1090,1444,45804,31217,3429,14526,15394,20021,162805
2022,2,Córdoba,990,11971,160486,120485,71923,28645,619400,13426,1026435
2022,2,Corrientes,670,3937,24253,24842,8001,21719,55071,7107,144997
2022,2,Entre Ríos,1070,5656,48637,48557,18512,32355,98769,16759,269352
2022,2,Formosa,970,4070,23834,19706,633,5910,16326,5900,67881
2022,2,Jujuy,580,1829,19458,1579,37786,5490,37391,2453,115314
2022,2,La Pampa,680,1887,62546,9842,118,5247,17125,3012,111527
2022,2,La Rioja,180,7280,3179,389,23814,5481,48920,0,86030
2022,2,Mendoza,1030,2954,44961,22557,64138,19543,121366,394,279562
2022,2,Misiones,510,3808,37254,21712,12774,19757,75107,835,178813
2022,2,Neuquén,1340,9990,38826,15066,9205,2039,76982,18717,161968
2022,2,Río Negro,1110,1227,33364,17938,27168,13714,41972,2427,159764
2022,2,Salta,1140,153,33732,72661,6012,1156,81478,6494,203177
2022,2,San Juan,240,2027,30385,11276,24649,3728,16701,11617,100407
2022,2,San Luis,600,3060,6840,21217,11052,67438,13,14815,121741
2022,2,Santa Cruz,520,6841,12348,11369,11885,2454,3592,6440,49185
2022,2,Santa Fe,4680,11757,138534,204381,74133,58114,373888,17584,878859
2022,2,Santiago Del Estero,1780,1401,29581,59931,14606,8830,10672,7920,118044
2022,2,Tierra Del Fuego,220,8310,12052,14828,19968,1712,1006,3351,53770
2022,2,Tucumán,390,2195,34461,43513,23634,4863,145541,2810,254527
2022,1,Buenos Aires,31591,30056,313382,321756,290127,161183,3381049,2628,4555424
2022,1,Capital Federal,5270,5575,39918,7739,61053,43289,1188072,1717,1417541
2022,1,Catamarca,710,4560,4386,7009,8773,3761,35715,2207,62378
2022,1,Chaco,4610,1099,16888,21235,20898,13012,62946,758,144119
2022,1,Chubut,1130,1677,61369,31856,3308,13871,14055,15607,171628
2022,1,Córdoba,1000,12782,165922,126009,73967,34892,577027,13104,1003803
2022,1,Corrientes,670,4029,24563,25665,27077,10452,43631,7094,142578
2022,1,Entre Ríos,1070,5745,50075,4962,42294,21578,81757,1675,267926
2022,1,Formosa,970,4480,24113,6945,6613,7160,15028,5880,54548
2022,1,Jujuy,580,1761,22141,16321,37923,5760,35287,2442,116509
2022,1,La Pampa,3010,2223,62812,9869,12044,525,14400,2833,109732
2022,1,La Rioja,180,7780,3576,4692,23624,5645,45970,0,84303
2022,1,Mendoza,1140,3355,51230,26407,74178,21566,95048,3287,275185
2022,1,Misiones,510,3873,35655,22261,26855,15854,58610,8349,171508
2022,1,Neuquén,1370,1123,39856,15623,11163,2654,71238,7885,149679
2022,1,Río Negro,1160,1383,35565,18859,26926,14144,37729,22652,157374
2022,1,Salta,1140,1725,35576,68246,6313,2214,76838,6489,197515
2022,1,San Juan,260,2269,32356,11914,25144,2088,11916,2465,88178
2022,1,San Luis,610,6430,8287,3837,9802,68612,13,28589,119844
2022,1,Santa Cruz,510,6898,12710,11502,12277,2628,2551,4850,49102
2022,1,Santa Fe,4680,12435,143796,208361,84787,58018,344170,18444,870479
2022,1,Santiago Del Estero,1780,1401,30220,6117,13542,8490,8309,7920,116461
2022,1,Tierra Del Fuego,240,8940,12849,1564,18034,1767,982,2421,52611
2022,1,Tucumán,390,2212,36028,46961,21014,5211,133846,2730,245584
2021,4,Buenos Aires,37821,11026,352950,331292,297296,196021,3259793,22958,4509157
2021,4,Capital Federal,5630,1695,47133,81899,66135,66755,1147939,0,1412119
2021,4,Catamarca,710,0,6038,7855,9804,3262,29827,2233,59090
2021,4,Chaco,4610,1120,18845,22678,21937,13692,58435,7585,143745
2021,4,Chubut,1260,1294,63698,39568,31175,578,2904,15763,160308
2021,4,Córdoba,1000,2479,184548,130892,76246,41198,538700,12607,986770
2021,4,Corrientes,670,6450,28830,26368,22922,10087,39911,7082,135912
2021,4,Entre Ríos,1070,3024,56043,49636,38295,24068,77290,16583,265046
2021,4,Formosa,840,0,22908,6983,6811,1135,13775,1967,53663
2021,4,Jujuy,580,1750,22446,16793,38134,5640,33421,2324,113915
2021,4,La Pampa,3010,4930,64840,9082,12259,4821,12184,3027,107007
2021,4,La Rioja,180,10,5018,5437,23559,5671,43424,0,83128
2021,4,Mendoza,1560,1463,66428,30308,75214,18621,75031,3660,267587
2021,4,Misiones,510,50,41916,23554,26721,15954,54596,8335,171132
2021,4,Neuquén,1400,9400,42313,13264,10515,331,69217,7767,147466
2021,4,Río Negro,1560,1174,38373,19878,31255,413,36142,22645,153753
2021,4,Salta,1140,200,40673,69324,6642,3535,72622,6475,199405
2021,4,San Juan,440,1442,28906,10955,23978,3980,9800,4435,79958
2021,4,San Luis,620,2640,8550,4276,9107,67363,9,29218,118849
2021,4,Santa Cruz,520,2970,20305,11641,13054,177,876,4910,48486
2021,4,Santa Fe,4670,5810,169706,206856,8569,62349,322015,18777,866441
2021,4,Santiago Del Estero,1780,9090,31915,61524,12205,8000,7537,7930,115861
2021,4,Tierra Del Fuego,260,3850,13505,16534,16562,1748,1017,258,52357
2021,4,Tucumán,390,970,37321,48736,21023,5326,125857,2400,238639
2021,3,Buenos Aires,37193,31149,1108940,248153,141383,192797,2482266,9728,4251609
2021,3,Capital Federal,2950,6030,156978,67013,39785,73502,1075229,0,1413405
2021,3,Catamarca,710,0,6755,8428,10517,1659,26618,2206,56254
2021,3,Chaco,3010,1120,22545,20986,23852,14412,49705,7958,139871
2021,3,Chubut,1040,1050,89168,26281,18538,532,1643,14907,156066
2021,3,Córdoba,990,2452,204989,141285,6505,47198,476459,9256,946788
2021,3,Corrientes,670,6450,29629,28478,24792,9687,35468,5053,133819
2021,3,Entre Ríos,1070,3024,61354,59776,39114,16284,67961,12755,260375
2021,3,Formosa,3810,0,22778,7142,6978,1192,12707,1617,52795
2021,3,Jujuy,480,1750,23884,16417,37755,5610,29917,2401,111158
2021,3,La Pampa,2980,3130,65063,7395,8737,4023,10506,4152,100487
2021,3,La Rioja,180,10,5366,5979,23315,4868,42613,0,82160
2021,3,Mendoza,360,310,151871,1264,62628,7596,21087,500,255939
2021,3,Misiones,510,50,41932,25099,26079,14792,42291,8279,158528
2021,3,Neuquén,1120,3270,57441,8566,6234,3631,57919,5579,139809
2021,3,Río Negro,1250,5570,68991,373,1488,2282,34011,20009,144585
2021,3,Salta,1010,200,41431,70104,6962,3878,67010,6327,195833
2021,3,San Juan,180,3330,59873,7520,1325,3380,278,4641,79483
2021,3,San Luis,600,0,11552,2405,6491,67942,22,29392,117864
2021,3,Santa Cruz,500,0,30561,8365,6799,1788,678,7350,48976
2021,3,Santa Fe,4670,5790,193207,20125,83941,5508,290793,16267,841584
2021,3,Santiago Del Estero,1230,9090,32752,61838,11274,8010,6863,8980,115458
2021,3,Tierra Del Fuego,170,0,23723,13397,9782,1433,976,8950,50223
2021,3,Tucumán,320,970,39446,50293,21986,53,115154,1640,232472
2021,2,Buenos Aires,37192,31178,1096049,244001,140322,236897,2337604,9108,4132351
2021,2,Capital Federal,2940,6030,157558,73568,43859,86655,1037752,660,1400355
2021,2,Catamarca,710,0,7219,9091,6828,4941,25388,2206,55744
2021,2,Chaco,3010,1120,23444,21574,24032,16069,47239,7958,140729
2021,2,Chubut,1040,1050,89639,22605,16604,3896,1112,5172,139237
2021,2,Córdoba,990,2452,201757,136516,6695,70824,442357,9925,930880
2021,2,Corrientes,670,6450,29419,27037,24524,10059,32697,5053,129501
2021,2,Entre Ríos,1070,3024,63518,55349,39468,18484,61605,16077,257632
2021,2,Formosa,3810,0,22364,731,746,1341,11077,1618,51551
2021,2,Jujuy,480,1750,24182,16577,37908,6070,29950,2401,111848
2021,2,La Pampa,2980,5540,64146,7769,8128,3399,9311,4062,97667
2021,2,La Rioja,180,10,5312,5971,23298,4825,42158,190,81602
2021,2,Mendoza,360,310,137462,10886,56117,4403,20686,500,229671
2021,2,Misiones,510,50,41643,25907,25811,16172,38308,8279,156176
2021,2,Neuquén,1120,3270,57713,8631,5871,5943,54008,5645,138250
2021,2,Río Negro,1250,5570,69356,3663,15019,3867,31488,20009,144084
2021,2,Salta,1010,200,42543,67012,7099,9654,58882,6328,191639
2021,2,San Juan,180,3330,59989,7840,1255,3400,278,4641,78933
2021,2,San Luis,600,0,11752,2703,5418,65946,22,36917,122818
2021,2,Santa Cruz,500,0,30595,8463,6888,1575,676,7350,48982
2021,2,Santa Fe,4670,8960,202018,204077,80452,75195,262124,15371,840600
2021,2,Santiago Del Estero,1230,9090,32034,62224,10359,8110,6064,1566,114090
2021,2,Tierra Del Fuego,170,0,21335,6913,458,4760,889,1483,35693
2021,2,Tucumán,320,970,40224,51648,23732,5022,109616,268,233051
2021,1,Buenos Aires,36939,31187,1108368,24052,163747,222061,2246313,10867,4060002
2021,1,Capital Federal,1350,2440,159662,76753,56457,83255,1003041,1260,1379673
2021,1,Catamarca,710,0,7423,8455,10115,7120,22996,2196,51968
2021,1,Chaco,3010,1120,24357,22102,27556,14496,42462,8384,139770
2021,1,Chubut,1060,1090,86986,21401,15392,2844,1112,439,132340
2021,1,Córdoba,930,2386,211799,135092,74659,71984,402191,12677,910881
2021,1,Corrientes,670,5270,31544,26223,26169,9001,27641,5453,126625
2021,1,Entre Ríos,1050,2911,67255,5606,42432,15774,54600,12826,251963
2021,1,Formosa,560,0,22409,7569,7916,1215,9579,1942,50686
2021,1,Jujuy,490,1750,23735,17293,40649,5680,25609,2378,110456
2021,1,La Pampa,2980,5540,68200,7864,7611,2786,7368,2424,97105
2021,1,La Rioja,180,10,36749,5968,4604,2150,5074,-10,52628
2021,1,Mendoza,280,400,134386,11216,52533,4061,16615,440,218923
2021,1,Misiones,510,5240,40949,25503,27101,1405,32953,8256,149387
2021,1,Neuquén,1160,3270,56171,8443,5903,5677,50840,5758,133235
2021,1,Río Negro,1250,4660,70011,4187,13045,3642,29589,20103,141168
2021,1,Salta,1090,200,40785,68149,9164,8139,54889,6319,187574
2021,1,San Juan,250,1940,60439,8580,11494,3400,276,4641,78267
2021,1,San Luis,580,0,11889,2926,4429,62913,22,36917,119154
2021,1,Santa Cruz,500,0,30655,8334,6987,1337,647,-1945,46065
2021,1,Santa Fe,5180,8910,201632,204458,91846,65476,236924,24382,826127
2021,1,Santiago Del Estero,1230,9090,33884,58464,8549,7000,4868,4144,111641
2021,1,Tierra Del Fuego,170,0,21379,1468,4317,4860,919,11836,40422
2021,1,Tucumán,290,970,42810,53416,25255,4188,103437,268,231912
2020,4,Buenos Aires,36939,31197,1109865,242243,214171,213588,2176242,9016,4033261
2020,4,Capital Federal,1350,2440,160210,78123,60208,80269,1000073,2680,1379530
2020,4,Catamarca,710,0,8843,874,11436,5910,20406,2309,52396
2020,4,Chaco,3010,1120,24782,22479,26802,15701,40949,7965,139091
2020,4,Chubut,1060,1090,88157,21824,12046,2818,1112,4402,130574
2020,4,Córdoba,1190,2386,214963,135262,82221,70013,384169,13568,902701
2020,4,Corrientes,670,5270,31900,26321,25687,9383,26789,4985,125659
2020,4,Entre Ríos,1050,2911,65659,53556,40755,166,53141,14654,247381
2020,4,Formosa,560,0,23540,7606,7181,1197,8946,168,50206
2020,4,Jujuy,490,1820,23772,14379,4493,4460,19282,2811,105851
2020,4,La Pampa,2980,5540,70184,8124,6562,2396,6257,252,96895
2020,4,La Rioja,180,10,36906,606,4633,1810,4979,0,52778
2020,4,Mendoza,280,400,146312,11172,40396,3378,11557,257,215453
2020,4,Misiones,510,5240,39988,26078,26445,1481,32264,7001,147161
2020,4,Neuquén,1160,3270,56434,8478,5791,5493,50776,572,133135
2020,4,Río Negro,1250,4660,70305,4153,13131,3512,29372,20146,141210
2020,4,Salta,1090,5140,41443,68829,15188,8291,46697,6319,187390
2020,4,San Juan,250,1940,61316,7400,5126,3320,275,4588,72596
2020,4,San Luis,580,0,14020,349,2688,62239,22,36918,119435
2020,4,Santa Cruz,470,0,27173,4382,6634,1033,647,7580,40674
2020,4,Santa Fe,5180,8910,206372,203793,94246,65145,226246,23602,820813
2020,4,Santiago Del Estero,1230,9090,34518,5759,4666,4110,4520,3932,106669
2020,4,Tierra Del Fuego,170,0,21881,6119,3497,4880,922,669,39614
2020,4,Tucumán,290,970,44095,54334,32155,4105,93594,268,231089
2020,3,Buenos Aires,37542,31514,1113823,23471,219772,194248,2085815,19853,3937277
2020,3,Capital Federal,2640,3120,162222,85083,68753,78028,977766,2470,1372675
2020,3,Catamarca,630,0,8276,8768,11195,5620,18886,2154,49904
2020,3,Chaco,3080,1120,24675,21639,27546,13751,38729,7194,133954
2020,3,Chubut,1580,1090,87559,22114,12217,2818,1110,3942,130027
2020,3,Córdoba,1680,3064,218599,124833,84236,63823,361021,11728,867472
2020,3,Corrientes,720,5270,35190,23315,25308,8615,25344,502,123391
2020,3,Entre Ríos,1300,2911,66648,51478,40797,14377,49395,15759,241495
2020,3,Formosa,3910,1510,23163,7432,7125,9910,8219,1737,49209
2020,3,Jujuy,550,1820,32131,10566,45198,2930,15238,3065,106728
2020,3,La Pampa,2930,8100,66695,782,5577,2189,6322,4029,93735
2020,3,La Rioja,210,10,37105,5955,466,1240,4748,20,52616
2020,3,Mendoza,580,400,141404,12123,42433,3448,8237,450,207788
2020,3,Misiones,710,5240,39005,24215,25942,13663,30987,8779,143186
2020,3,Neuquén,2180,3270,60463,6561,5975,5449,49439,8030,129235
2020,3,Río Negro,1140,4660,68986,3769,7096,3455,28488,19093,131467
2020,3,Salta,1290,5140,32780,64736,1599,7928,43773,14996,180846
2020,3,San Juan,480,1940,65526,7110,6529,410,128,415,77327
2020,3,San Luis,1050,0,12199,3351,2666,61319,8,36917,116565
2020,3,Santa Cruz,660,0,26888,4015,673,6290,120,8330,39281
2020,3,Santa Fe,5680,1241,213353,199381,92095,58797,210562,27001,802998
2020,3,Santiago Del Estero,1330,9090,33287,57418,4658,2920,3994,4801,105492
2020,3,Tierra Del Fuego,110,0,22094,5414,3726,4810,937,6992,39655
2020,3,Tucumán,520,970,45913,5461,33126,3246,84195,2637,223876
2020,2,Buenos Aires,37542,31606,1129236,241336,233132,188995,1894466,21233,3777546
2020,2,Capital Federal,2640,3120,166474,94585,79858,8016,935481,6870,1357821
2020,2,Catamarca,630,0,8801,869,10242,4260,16578,3176,47976
2020,2,Chaco,3080,9280,24350,2114,29044,12082,33311,6969,128132
2020,2,Chubut,1580,1090,69578,22188,10537,1473,614,3999,108656
2020,2,Córdoba,1680,4383,219025,125932,8953,63216,325243,8971,836468
2020,2,Corrientes,720,5270,34242,22845,25844,7898,22418,502,118866
2020,2,Entre Ríos,1300,3679,66758,5064,4209,12856,43391,14569,234113
2020,2,Formosa,3910,1510,23534,7109,6998,9610,7475,1313,47932
2020,2,Jujuy,550,1820,30548,10519,26829,2090,9417,16557,94316
2020,2,La Pampa,2930,8100,71218,7531,38,1657,3377,1123,89809
2020,2,La Rioja,210,10,37375,5661,4686,730,4336,20,52155
2020,2,Mendoza,580,400,142253,12439,35274,3248,5422,245,201184
2020,2,Misiones,710,5240,39867,23719,26445,12305,28763,8646,140340
2020,2,Neuquén,2180,3270,61171,6103,6625,5296,46432,0,126172
2020,2,Río Negro,1140,4660,70817,3335,7498,3246,26953,17057,129486
2020,2,Salta,1290,5140,41801,64463,16989,7741,39594,6531,177762
2020,2,San Juan,480,1940,59113,9170,4908,400,127,443,69777
2020,2,San Luis,1050,0,11439,3585,1934,60889,8,35992,113952
2020,2,Santa Cruz,660,0,26938,4166,6541,5460,119,4930,38869
2020,2,Santa Fe,5680,2061,213054,198772,96575,57236,189473,20193,777932
2020,2,Santiago Del Estero,1330,1779,32557,57709,5178,2470,3328,4516,105447
2020,2,Tierra Del Fuego,110,0,22325,5186,3034,3910,796,7446,39189
2020,2,Tucumán,520,970,49028,54537,34184,2246,74377,2635,217156
2020,1,Buenos Aires,38215,36802,1122034,236421,247977,20578,1802583,28935,3718747
2020,1,Capital Federal,2640,3120,169651,102254,89665,85899,906009,0,1354054
2020,1,Catamarca,630,0,8838,7543,9558,4080,10299,2151,38860
2020,1,Chaco,3080,9280,23291,19976,29851,10416,28539,6917,120226
2020,1,Chubut,1580,1090,69586,12957,7756,124,614,45,96920
2020,1,Córdoba,1420,5128,217229,120188,95827,65733,296875,9802,810924
2020,1,Corrientes,720,5270,33479,21382,26679,7351,19467,478,113737
2020,1,Entre Ríos,1300,4081,72280,47132,41125,11988,39794,13762,230292
2020,1,Formosa,1127,3420,23761,65,6564,9640,6918,1000,46276
2020,1,Jujuy,550,1820,33120,9979,26693,1660,7349,16545,94089
2020,1,La Pampa,2930,8110,72740,7199,3029,1342,2113,1618,89145
2020,1,La Rioja,210,10,37209,5158,464,220,1294,0,48345
2020,1,Mendoza,580,400,140410,12285,17489,286,3818,0,176960
2020,1,Misiones,710,5240,36622,21271,26433,11581,26313,10885,133700
2020,1,Neuquén,2180,3270,60152,5257,7123,5399,43738,0,122214
2020,1,Río Negro,1140,4660,69154,293,7857,3199,25488,17719,126927
2020,1,Salta,1290,5140,38537,63714,17991,8625,34744,6441,170695
2020,1,San Juan,480,1940,59787,1594,1292,400,127,4779,67861
2020,1,San Luis,1050,0,11322,4164,5250,58258,5,36075,110454
2020,1,Santa Cruz,670,110,27447,4993,5169,5290,119,0,38335
2020,1,Santa Fe,6960,2994,217553,196826,10456,48448,173823,17656,762556
2020,1,Santiago Del Estero,1330,1779,33086,56884,3737,1350,2799,4501,103054
2020,1,Tierra Del Fuego,110,10,22976,5024,1834,1960,518,7046,37606
2020,1,Tucumán,520,970,49555,50383,31096,173,67536,0,200449
2019,4,Buenos Aires,33489,27537,1177446,262297,247106,45257,1465133,20676,3686254
2019,4,Capital Federal,3070,150,177098,110218,110852,20581,753805,0,1358105
2019,4,Catamarca,630,0,9945,7619,9305,8040,7477,3098,38311
2019,4,Chaco,830,0,25899,18959,30902,13516,21556,6988,117903
2019,4,Chubut,1580,40,69405,12945,7615,124,614,4121,96102
2019,4,Córdoba,1420,0,232781,118232,10933,114111,221742,1035,806688
2019,4,Corrientes,720,0,35055,2062,27367,9981,15744,4995,113834
2019,4,Entre Ríos,470,0,88203,44511,42962,18976,30153,14178,239030
2019,4,Formosa,1127,1910,24606,6319,6788,1766,5671,2430,46711
2019,4,Jujuy,550,0,32920,9632,26764,1020,5286,14122,88881
2019,4,La Pampa,2930,3130,76747,69,1951,1287,1342,1566,90399
2019,4,La Rioja,210,0,37846,5045,4763,220,1305,0,49002
2019,4,Mendoza,7460,90,145139,12955,15237,2165,2628,6901,185780
2019,4,Misiones,710,0,39664,2084,27305,15626,20799,11508,135813
2019,4,Neuquén,2180,10,57370,4439,7357,12059,35001,0,116445
2019,4,Río Negro,1140,0,71847,2797,8558,6968,19837,17019,127140
2019,4,Salta,1490,10,42159,67656,15369,1417,25821,712,172445
2019,4,San Juan,480,10,60626,1594,1292,400,127,1246,64974
2019,4,San Luis,1050,0,11901,4164,5250,55216,3,36287,108201
2019,4,Santa Cruz,670,0,32368,4346,2224,70,8,3500,39370
2019,4,Santa Fe,6980,0,230234,190664,113527,70998,135576,27472,769169
2019,4,Santiago Del Estero,1330,9080,34911,56309,3756,1050,2449,5017,103588
2019,4,Tierra Del Fuego,110,0,23593,505,1848,1390,1962,7789,40392
2019,4,Tucumán,550,0,54544,52017,28916,6405,56707,0,198644
2019,3,Buenos Aires,23892,44648,1432722,222812,260506,483572,1246209,42294,3971683
2019,3,Capital Federal,1040,3680,269704,120924,138011,258591,655108,0,1442810
2019,3,Catamarca,340,430,14449,9285,6333,720,15,2151,32382
2019,3,Chaco,690,1216,32764,28198,13336,12987,16740,6917,112227
2019,3,Chubut,740,8400,62680,13033,7171,124,614,45,90152
2019,3,Córdoba,830,5824,240151,106651,118486,146247,157546,7353,782341
2019,3,Corrientes,100,5970,42231,29628,10348,10388,12674,478,110656
2019,3,Entre Ríos,190,4446,99656,56161,17064,21216,22645,15107,236314
2019,3,Formosa,111,3490,24943,6049,7117,2262,4443,1000,46373
2019,3,Jujuy,270,8850,31722,924,26835,560,3671,16545,88981
2019,3,La Pampa,2370,3289,75849,5922,1611,1359,941,1618,90826
2019,3,La Rioja,90,100,38657,4786,4887,220,1307,0,49678
2019,3,Mendoza,210,1269,206821,2958,10093,1263,349,0,222774
2019,3,Misiones,470,1928,43530,29375,11256,16107,16650,12206,131099
2019,3,Neuquén,450,2258,62909,4586,9597,16923,28458,1220,124898
2019,3,Río Negro,470,1234,87435,2348,9779,10176,15505,17719,144243
2019,3,Salta,490,9000,43160,6223,14309,11418,12357,7515,151938
2019,3,San Juan,220,1710,68315,2245,1267,410,128,4779,76968
2019,3,San Luis,570,1000,18643,5113,4670,62242,5,36075,122702
2019,3,Santa Cruz,280,840,31612,4472,1203,270,4,0,37430
2019,3,Santa Fe,6400,8184,242454,193286,107068,84325,97082,19537,752576
2019,3,Santiago Del Estero,390,1832,35554,55172,3612,860,1836,34501,132632
2019,3,Tierra Del Fuego,60,140,32133,4692,1756,820,226,9648,48557
2019,3,Tucumán,160,1100,71043,47693,24354,8430,20385,0,164444
2019,2,Buenos Aires,199768,46852,1436259,217785,438663,502275,985767,43438,3870807
2019,2,Capital Federal,740,1027,281370,124087,239691,296155,475991,0,1418395
2019,2,Catamarca,340,430,16631,867,6049,340,10,2151,33622
2019,2,Chaco,690,1383,38488,26431,16789,15348,9904,1492,109904
2019,2,Chubut,660,3952,69032,10049,1495,740,165,45,89333
2019,2,Córdoba,810,8165,248427,100512,157458,170159,76053,8938,769793
2019,2,Corrientes,100,3012,40424,27774,13114,11928,7119,608,109461
2019,2,Entre Ríos,180,5905,100687,52316,23196,24221,10664,17206,234213
2019,2,Formosa,111,3490,26512,5399,8384,2639,2258,1000,46751
2019,2,Jujuy,270,9400,26233,8441,267,270,2600,21765,86733
2019,2,La Pampa,2360,3289,75406,5191,1366,1445,629,2661,90223
2019,2,La Rioja,90,110,39819,4297,4857,130,1298,0,50304
2019,2,Mendoza,200,2522,205165,2971,10092,1256,234,0,222260
2019,2,Misiones,470,2226,45769,27385,15408,18882,8129,12206,130052
2019,2,Neuquén,3020,3038,61776,4688,17318,2121,14132,4220,122886
2019,2,Río Negro,3840,1354,86366,2201,10291,12407,6907,18519,138429
2019,2,Salta,490,9740,59638,36923,16961,14059,6461,7585,142650
2019,2,San Juan,220,2130,60913,2177,7850,70,4,6119,70240
2019,2,San Luis,570,1020,16575,4964,4670,57236,5,37977,117383
2019,2,Santa Cruz,250,840,24861,3806,1202,280,4,0,30010
2019,2,Santa Fe,3210,8427,300124,125176,129741,100131,49865,22323,736108
2019,2,Santiago Del Estero,390,1832,63268,21362,3741,1080,1205,34501,126056
2019,2,Tierra Del Fuego,60,1230,41824,4241,1573,960,32,0,47895
2019,2,Tucumán,160,1570,78891,44296,24291,6280,18394,0,166673
2019,1,Buenos Aires,162513,72296,1429964,202511,576428,576859,705769,6369,3732709
2019,1,Capital Federal,740,7417,283787,131007,330122,365713,283463,0,1401583
2019,1,Catamarca,340,1708,18761,6443,5606,290,7,2151,34739
2019,1,Chaco,690,3801,38719,25632,18965,12393,6368,1035,106982
2019,1,Chubut,660,3938,71077,6571,7870,740,165,0,82678
2019,1,Córdoba,810,20403,242769,96997,200681,127965,50716,6806,746418
2019,1,Corrientes,100,647,38402,26562,15498,9688,5029,0,101659
2019,1,Entre Ríos,180,9217,107013,50068,28957,18146,7619,12142,233180
2019,1,Formosa,111,3023,23085,5301,9027,2099,1654,0,45299
2019,1,Jujuy,270,2817,30727,7811,4021,300,1141,37162,83736
2019,1,La Pampa,2360,8327,70538,4466,1061,1354,405,6980,87085
2019,1,La Rioja,90,1169,40285,4088,5216,170,869,0,51653
2019,1,Mendoza,200,1786,205383,2837,5702,1110,140,0,215979
2019,1,Misiones,470,5946,45266,2589,19111,16552,5167,7654,125633
2019,1,Neuquén,1328,3055,52360,1781,21452,17135,11026,6105,114242
2019,1,Río Negro,3840,1583,84845,2037,13615,9567,5076,3719,120826
2019,1,Salta,490,4232,59244,36473,2291,10861,2242,10,136012
2019,1,San Juan,220,2290,62380,2660,5200,30,2,5600,63982
2019,1,San Luis,570,1200,21380,53214,3450,60,2,23577,98701
2019,1,Santa Cruz,250,1280,21990,2731,7020,260,4,0,25606
2019,1,Santa Fe,3330,2935,296798,122959,153212,74575,36502,18591,732320
2019,1,Santiago Del Estero,390,3372,62895,20691,3959,850,494,0,91535
2019,1,Tierra Del Fuego,60,1310,38851,3623,6410,800,29,0,43361
2019,1,Tucumán,160,5188,82240,42877,2621,8470,14839,0,172217
2018,4,Buenos Aires,134673,73761,1422463,194426,577679,949093,265386,19125,3636606
2018,4,Capital Federal,740,7388,283281,143309,330496,437662,186810,0,1389020
2018,4,Catamarca,340,1669,17955,6425,5461,290,7,2003,33583
2018,4,Chaco,690,3405,36437,25633,18965,12393,6368,0,103270
2018,4,Chubut,660,3917,66061,6215,5310,6230,165,1144,78722
2018,4,Córdoba,810,24102,228475,97277,201639,128053,48809,8903,737339
2018,4,Corrientes,100,6438,37376,26562,15498,9688,5029,0,100601
2018,4,Entre Ríos,180,8769,94780,50027,29002,18146,7612,13693,222047
2018,4,Formosa,111,3074,22962,5285,9027,2092,1654,0,45204
2018,4,Jujuy,270,2803,30727,7811,4021,300,1141,43573,90133
2018,4,La Pampa,2410,7727,70508,3661,9780,1328,270,9230,85636
2018,4,La Rioja,90,1164,40285,4088,5216,170,869,30,51651
2018,4,Mendoza,200,1463,197450,2494,4726,190,132,0,206304
2018,4,Misiones,470,5981,43267,26019,19226,16566,5167,0,116273
2018,4,Neuquén,1328,3044,52313,1781,21452,17135,11025,6287,114365
2018,4,Río Negro,3840,1225,83412,6430,1344,9569,5070,3094,116837
2018,4,Salta,490,3659,58492,36365,2291,10861,2242,0,134578
2018,4,San Juan,220,1465,59811,1800,3120,10,1,6060,62398
2018,4,San Luis,570,1090,19164,53183,1190,620,2,23635,96331
2018,4,Santa Cruz,250,1150,23107,7790,2060,10,4,5310,24768
2018,4,Santa Fe,3350,31397,276301,121009,152039,74432,36427,2845,720390
2018,4,Santiago Del Estero,390,325,61347,20127,3686,770,483,3260,89335
2018,4,Tierra Del Fuego,60,270,29919,6323,9894,240,67,0,46260
2018,4,Tucumán,160,5244,82089,42766,26111,8470,14839,920,172004
2018,3,Buenos Aires,9910,80459,1445733,190805,63609,897964,237248,120464,3609754
2018,3,Capital Federal,730,8493,287919,147253,370677,41502,165055,0,1394490
2018,3,Catamarca,340,1994,18475,6358,532,340,7,2151,34373
2018,3,Chaco,700,3503,38729,24916,20335,11085,5667,1035,105340
2018,3,Chubut,670,3951,91096,6162,5310,6230,164,0,102594
2018,3,Córdoba,810,24767,224471,96372,221984,109333,39854,649,723352
2018,3,Corrientes,110,6754,38364,24953,16601,8357,4419,0,99459
2018,3,Entre Ríos,180,9048,96095,45651,31353,15111,6786,0,204062
2018,3,Formosa,111,3365,22624,5259,9336,1729,1434,0,44857
2018,3,Jujuy,3450,302,29048,7756,4066,390,623,0,44897
2018,3,La Pampa,2420,8417,68507,3153,9200,1189,216,6980,83342
2018,3,La Rioja,90,1291,40647,4138,5425,200,339,0,51869
2018,3,Mendoza,200,1525,199297,2476,4727,270,129,0,208201
2018,3,Misiones,480,5749,39617,24747,21212,14674,4547,0,110594
2018,3,Neuquén,1396,2244,55822,1647,23785,15218,9718,6105,115935
2018,3,Río Negro,4090,5221,75929,5120,14912,847,4332,3719,113504
2018,3,Salta,1160,3721,61795,32782,25582,9224,502,0,133722
2018,3,San Juan,220,1326,62525,1800,3120,30,1,0,64369
2018,3,San Luis,570,1090,19170,5294,1190,630,2,1902,74362
2018,3,Santa Cruz,260,1160,32815,7780,2060,10,3,0,33945
2018,3,Santa Fe,4670,36786,269211,115907,162545,62479,31266,13911,692572
2018,3,Santiago Del Estero,410,255,60260,19116,3806,640,265,0,86102
2018,3,Tierra Del Fuego,60,1870,41569,227,2310,240,13,0,44300
2018,3,Tucumán,160,5993,81559,43282,27062,9410,12187,0,171040
2018,2,Buenos Aires,1009,81354,1459443,295457,816056,536049,199589,113357,3502314
2018,2,Capital Federal,730,9234,290291,219166,445345,264805,142253,0,1371167
2018,2,Catamarca,340,2414,14624,6112,4347,360,6,65,34073
2018,2,Chaco,700,2968,34167,24282,21887,9251,4630,1035,98290
2018,2,Chubut,670,4471,85598,5369,40,50,9,501,100533
2018,2,Córdoba,810,21779,219630,102596,244291,78852,34950,811,710289
2018,2,Corrientes,110,7047,38268,24066,17926,678,3862,0,97960
2018,2,Entre Ríos,180,8179,94459,4457,34281,12012,5920,0,199439
2018,2,Formosa,111,3568,22409,5176,9727,1313,1243,0,44546
2018,2,Jujuy,3450,332,29319,8083,3977,440,7,0,45095
2018,2,La Pampa,2440,8797,68083,2409,9650,9690,179,6980,82344
2018,2,La Rioja,90,1384,40679,4198,564,200,15,0,51945
2018,2,Mendoza,200,1658,164596,5150,2660,170,72,33788,200932
2018,2,Misiones,480,6092,39489,23569,23747,11888,3866,0,108699
2018,2,Neuquén,1396,2408,56035,1314,26417,12442,8551,6105,114668
2018,2,Río Negro,4090,5298,75056,5230,1648,6663,3725,3975,112129
2018,2,Salta,1160,399,61763,33285,28431,7239,182,0,135006
2018,2,San Juan,220,1378,57591,110,0,30,0,5068,64073
2018,2,San Luis,570,1010,11992,110,0,70,2,9284,21454
2018,2,Santa Cruz,260,1200,28600,6550,1000,10,3,4267,33772
2018,2,Santa Fe,7440,34267,262603,112143,17554,50525,26512,22257,684591
2018,2,Santiago Del Estero,410,2717,41362,18721,3278,310,31,17589,83770
2018,2,Tierra Del Fuego,60,1880,40912,2217,750,0,0,1070,43505
2018,2,Tucumán,160,6735,79899,44968,27059,1084,8784,1305,169850
2018,1,Buenos Aires,1514,74766,1445752,292732,886678,480237,184203,105818,3471700
2018,1,Capital Federal,890,10039,292566,222737,487826,227953,127384,0,1368594
2018,1,Catamarca,340,2896,14770,6145,3539,410,4,65,33929
2018,1,Chaco,700,3261,32516,24488,23296,8219,3897,1035,96782
2018,1,Chubut,670,4314,83161,5358,40,50,9,501,97928
2018,1,Córdoba,2810,23922,222815,1043,266259,57137,29228,10049,713991
2018,1,Corrientes,110,5005,37152,24038,19068,589,3256,0,94420
2018,1,Entre Ríos,180,8861,90080,45599,37401,9818,5071,0,196848
2018,1,Formosa,111,3803,10092,5117,10061,1091,1046,0,32320
2018,1,Jujuy,3450,4807,27219,8044,3925,490,4,0,44393
2018,1,La Pampa,2450,8119,67104,1616,1076,6140,98,3503,82375
2018,1,La Rioja,90,1485,40680,4217,5831,190,1,0,52242
2018,1,Mendoza,200,1662,164599,5010,2660,190,72,33788,200927
2018,1,Misiones,480,47,35820,23291,26223,10241,3219,0,103542
2018,1,Neuquén,1396,2367,59468,1311,29012,9709,7378,6105,116746
2018,1,Río Negro,4090,5333,74894,5300,17997,4972,3129,3975,111239
2018,1,Salta,1160,4459,60334,33088,30771,5145,88,0,134001
2018,1,San Juan,220,1058,57078,110,0,30,0,5068,63240
2018,1,San Luis,570,1010,11920,110,0,70,2,9284,21382
2018,1,Santa Cruz,260,1200,28600,6550,1000,10,3,4267,33772
2018,1,Santa Fe,1359,33639,262008,108576,1889,39589,22801,23181,680053
2018,1,Santiago Del Estero,410,291,41298,18914,3449,330,2,17589,84236
2018,1,Tierra Del Fuego,60,3070,33987,20,0,0,0,1070,34409
2018,1,Tucumán,160,7472,78811,45675,26405,1218,7082,1305,167984
2017,4,Buenos Aires,3865,55046,1551194,264645,712513,33514,151747,114182,3188332
2017,4,Capital Federal,3140,31411,517018,28404,45812,178396,114939,0,1584238
2017,4,Catamarca,340,3182,15315,5904,2927,430,2,2151,29558
2017,4,Chaco,700,3432,37144,24088,20123,729,3289,1035,96471
2017,4,Chubut,670,4313,83676,5355,70,50,9,0,93432
2017,4,Córdoba,2910,25411,280837,102892,217602,40898,24251,8429,700611
2017,4,Corrientes,110,522,41080,23686,16046,5053,2675,0,93771
2017,4,Entre Ríos,1685,9078,95466,45189,3001,7958,4113,0,193499
2017,4,Formosa,111,4061,13220,4867,6996,9770,824,0,32055
2017,4,Jujuy,3450,5364,26566,7721,3507,440,3,0,43550
2017,4,La Pampa,3100,8729,66053,1227,7920,3910,81,3503,81086
2017,4,La Rioja,90,1488,40777,4083,5813,220,3,0,52195
2017,4,Mendoza,260,1656,177646,4380,2780,290,81,0,180154
2017,4,Misiones,1053,39,41723,23131,22262,9091,2735,0,103895
2017,4,Neuquén,1396,2372,68036,1325,22781,7528,6300,6105,115843
2017,4,Río Negro,4090,5598,81078,4850,12502,3447,2440,3719,109678
2017,4,Salta,6360,4275,73284,32842,18968,3559,84,0,133648
2017,4,San Juan,220,1062,57525,90,0,20,2,0,58622
2017,4,San Luis,590,1010,12822,80,0,10,7,1902,14900
2017,4,Santa Cruz,680,780,29073,6550,1000,10,3,0,29978
2017,4,Santa Fe,3109,34132,309998,108939,151329,30736,19602,14119,671964
2017,4,Santiago Del Estero,410,3091,43544,18773,3359,320,2,0,68842
2017,4,Tierra Del Fuego,60,3100,31334,20,0,0,0,0,31652
2017,4,Tucumán,1050,8164,78750,45241,24318,1303,4367,0,162248
2017,3,Buenos Aires,6577,51411,1733479,311652,676137,140812,108400,0,3028468
2017,3,Capital Federal,2830,33924,590689,311411,4263,120675,91917,0,1575199
2017,3,Catamarca,520,3204,15383,5758,2563,500,1,0,27011
2017,3,Chaco,950,3496,40059,23008,20307,3827,2004,0,92796
2017,3,Chubut,4360,3989,71843,2336,30,0,0,0,78607
2017,3,Córdoba,3270,26154,309161,100113,189302,38131,16741,0,679929
2017,3,Corrientes,240,5629,44305,22785,15576,2635,1607,0,92561
2017,3,Entre Ríos,1691,7545,98032,42947,29011,3878,2397,0,185501
2017,3,Formosa,1063,3716,13752,5187,6056,8990,459,0,31132
2017,3,Jujuy,3370,5723,26835,7369,2962,410,2,0,43269
2017,3,La Pampa,3430,8244,64794,8550,5880,3270,51,0,75202
2017,3,La Rioja,160,1497,40882,3899,5604,230,3,0,51924
2017,3,Mendoza,320,950,158461,1150,670,290,19,0,158818
2017,3,Misiones,1058,4123,42900,22808,23913,3843,1881,0,100526
2017,3,Neuquén,2036,1457,72532,1034,20213,7067,4937,0,109276
2017,3,Río Negro,4220,5641,83900,3060,10116,2965,1659,0,105009
2017,3,Salta,6450,4494,78830,32433,1462,2315,63,0,133400
2017,3,San Juan,310,1077,57582,10,0,20,2,0,58695
2017,3,San Luis,630,30,12325,70,0,10,7,0,12406
2017,3,Santa Cruz,1880,230,29102,5420,660,330,1,0,29955
2017,3,Santa Fe,3116,34019,320017,104453,125339,24536,12982,0,624462
2017,3,Santiago Del Estero,690,3288,40435,18489,3047,300,2,0,65360
2017,3,Tierra Del Fuego,90,2970,33858,0,0,0,0,0,34164
2017,3,Tucumán,1090,8948,83070,45302,20514,1361,655,0,159959
2017,2,Buenos Aires,7548,47472,1910156,299009,573298,93059,46178,0,2976720
2017,2,Capital Federal,5560,35663,726223,30497,378571,80234,37977,0,1564194
2017,2,Catamarca,150,3318,15655,5325,2342,470,1,0,26703
2017,2,Chaco,1910,3733,42590,22349,18044,3157,545,0,90609
2017,2,Chubut,4030,4186,73760,188,0,0,0,0,80229
2017,2,Córdoba,2510,26862,370865,88479,146683,20351,5069,0,658560
2017,2,Corrientes,150,5912,46483,21776,13043,2218,647,0,90094
2017,2,Entre Ríos,168,7944,104422,418,23524,2604,823,0,182797
2017,2,Formosa,1486,3419,14787,4795,4583,7490,139,0,29958
2017,2,Jujuy,3110,5877,26915,6974,2538,420,1,0,42658
2017,2,La Pampa,3560,8633,59045,5580,3360,2440,21,0,69193
2017,2,La Rioja,90,1554,9304,3599,1796,240,2,0,16288
2017,2,Mendoza,1090,240,177203,920,500,50,22,0,177505
2017,2,Misiones,1011,4447,47244,22033,21599,2892,570,0,99796
2017,2,Neuquén,1542,1395,81272,8490,18051,4774,1703,0,109586
2017,2,Río Negro,9730,5606,88085,2450,799,1921,559,0,105379
2017,2,Salta,5940,4719,67576,23185,11333,1068,76,0,108551
2017,2,San Juan,150,1930,58588,0,0,0,4,0,58800
2017,2,San Luis,80,40,14014,0,0,10,2,0,14029
2017,2,Santa Cruz,1880,240,30913,5410,660,330,0,0,31765
2017,2,Santa Fe,4967,38721,311830,92854,97563,16794,4275,0,567004
2017,2,Santiago Del Estero,260,3539,20384,6432,2802,160,0,0,33199
2017,2,Tierra Del Fuego,160,2850,35409,0,0,0,0,0,35710
2017,2,Tucumán,960,9236,83342,42536,17788,1371,21,0,154390
2017,1,Buenos Aires,6017,83918,2057698,402315,52354,90937,22299,0,3186724
2017,1,Capital Federal,5100,1409,678922,218487,277195,66536,19881,0,1262940
2017,1,Catamarca,150,3328,15861,4901,2161,490,0,0,26315
2017,1,Chaco,1910,3835,44544,21467,15671,3025,314,0,89047
2017,1,Chubut,4010,4182,73759,1808,0,0,0,0,80150
2017,1,Córdoba,500,28732,391556,82011,118643,19035,2071,0,642098
2017,1,Corrientes,150,604,48149,20586,11468,2044,303,0,88605
2017,1,Entre Ríos,168,808,108379,39146,20562,2254,317,0,180418
2017,1,Formosa,1535,3538,15473,4446,4058,6350,22,0,29707
2017,1,Jujuy,3300,6213,27824,6486,2306,440,0,0,43203
2017,1,La Pampa,3620,9279,57739,3310,1920,1650,11,0,68079
2017,1,La Rioja,90,1578,9486,3409,1718,220,2,0,16224
2017,1,Mendoza,1060,150,177201,860,500,50,22,0,177485
2017,1,Misiones,101,4665,45950,23847,19356,2627,166,0,97621
2017,1,Neuquén,1547,1418,83813,9020,1513,4223,458,0,107491
2017,1,Río Negro,9860,5647,89622,2460,6738,1594,200,0,105033
2017,1,Salta,5790,4861,70922,21554,9386,2670,74,0,107643
2017,1,San Juan,80,1920,58588,0,0,0,4,0,58792
2017,1,San Luis,80,40,14014,0,0,10,2,0,14029
2017,1,Santa Cruz,1900,230,31078,4740,680,300,0,0,31863
2017,1,Santa Fe,4966,39463,340418,77152,83008,15775,1831,0,562613
2017,1,Santiago Del Estero,260,3772,21659,6218,2786,170,0,0,34478
2017,1,Tierra Del Fuego,160,2850,35409,0,0,0,0,0,35710
2017,1,Tucumán,960,9682,86470,39155,15951,1383,13,0,152750
2016,4,Buenos Aires,6055,86281,2085605,403575,467398,72348,17279,0,3138541
2016,4,Capital Federal,5170,1477,704324,225723,264582,53506,16756,0,1266885
2016,4,Catamarca,150,3478,16519,4889,2077,540,0,0,27032
2016,4,Chaco,1910,3983,45634,21323,14887,2586,250,0,88854
2016,4,Chubut,4010,4493,73951,1352,0,0,0,0,80197
2016,4,Córdoba,500,2938,404645,77966,108368,15458,1606,0,637473
2016,4,Corrientes,150,6109,48995,20187,10908,1645,234,0,88093
2016,4,Entre Ríos,168,8253,110296,38491,19509,1801,280,0,180310
2016,4,Formosa,1573,3519,15791,4114,3855,6490,17,0,29518
2016,4,Jujuy,3030,6225,27778,6143,2134,430,0,0,42626
2016,4,La Pampa,3680,9789,56694,160,3350,1320,11,0,67345
2016,4,La Rioja,90,1646,9635,3334,1675,130,3,0,16315
2016,4,Mendoza,1140,160,177194,790,490,50,20,0,177477
2016,4,Misiones,101,4783,47454,23433,18371,2215,126,0,97392
2016,4,Neuquén,1539,1406,84859,7920,14153,3073,271,0,106093
2016,4,Río Negro,9980,2953,92967,2480,6317,1174,122,0,104779
2016,4,Salta,5770,5027,71636,20787,8611,2390,70,0,106947
2016,4,San Juan,80,2200,58608,0,0,0,4,0,58840
2016,4,San Luis,80,40,14014,0,0,10,2,0,14029
2016,4,Santa Cruz,1890,230,31369,3420,800,100,0,0,32013
2016,4,Santa Fe,4966,40102,349722,74401,77667,13155,1529,0,561542
2016,4,Santiago Del Estero,260,3925,22246,6178,2664,150,0,0,35054
2016,4,Tierra Del Fuego,160,2850,35409,0,0,0,0,0,35710
2016,4,Tucumán,960,10021,87994,37721,14389,14,10,0,151631
2016,3,Buenos Aires,5856,107945,2148475,39353,399116,529,13318,0,3121140
2016,3,Capital Federal,3310,9950,759028,208249,240856,38341,13886,0,1261686
2016,3,Catamarca,150,4038,16183,4845,1853,500,0,0,26984
2016,3,Chaco,1900,5227,46821,21193,13746,2022,217,0,89416
2016,3,Chubut,4660,519,74375,6740,0,0,0,0,80705
2016,3,Córdoba,480,41329,415075,75988,99225,11691,1322,0,644678
2016,3,Corrientes,150,7425,49471,19956,10006,1263,210,0,88346
2016,3,Entre Ríos,1768,10657,110844,38665,17737,1307,248,0,181226
2016,3,Formosa,1723,4277,15581,3964,3658,6480,10,0,29861
2016,3,Jujuy,2860,6878,27425,5943,1978,310,0,0,42541
2016,3,La Pampa,3740,10187,55792,150,2240,1140,11,0,66717
2016,3,La Rioja,90,2349,9686,3316,1562,110,2,0,16935
2016,3,Mendoza,370,100,178186,730,480,50,17,0,178376
2016,3,Misiones,101,603,48871,23394,17043,1559,91,0,97998
2016,3,Neuquén,1531,1527,87404,6800,12541,2118,225,0,106026
2016,3,Río Negro,1007,6026,90689,2070,5953,7900,99,0,104771
2016,3,Salta,1107,6922,71214,20229,8099,1970,50,0,107818
2016,3,San Juan,80,2450,58577,0,0,0,2,0,58832
2016,3,San Luis,70,40,14077,0,0,10,2,0,14091
2016,3,Santa Cruz,1890,220,31904,2210,520,90,0,0,32397
2016,3,Santa Fe,3958,49501,360606,72657,69864,1021,1308,0,568104
2016,3,Santiago Del Estero,260,5097,22747,6216,2497,90,0,0,36592
2016,3,Tierra Del Fuego,160,2850,35080,0,0,0,0,0,35381
2016,3,Tucumán,1270,12247,87970,36518,1315,1288,4,0,151304
2016,2,Buenos Aires,10786,133385,2250898,335296,334723,31494,11933,0,3108515
2016,2,Capital Federal,4352,1736,859039,146091,21301,19597,13477,0,1257302
2016,2,Catamarca,150,5736,14742,4567,1496,470,1,0,26604
2016,2,Chaco,1970,8063,45823,20346,1209,1571,201,0,88291
2016,2,Chubut,5720,5421,73078,7750,0,0,0,0,79846
2016,2,Córdoba,2580,5705,437547,7198,82618,8355,1242,0,659050
2016,2,Corrientes,410,10018,47916,192,8851,8030,191,0,87020
2016,2,Entre Ríos,4734,16368,115000,36917,15522,8490,205,0,189595
2016,2,Formosa,1675,5401,14370,3569,3218,5930,10,0,28836
2016,2,Jujuy,2561,8292,25301,5589,175,30,0,0,43496
2016,2,La Pampa,4290,10616,63928,150,1190,960,11,0,75214
2016,2,La Rioja,100,3151,9043,319,1344,30,5,0,16746
2016,2,Mendoza,4370,300,176922,610,440,50,20,0,177519
2016,2,Misiones,1973,7899,49586,21385,1482,1073,96,0,96832
2016,2,Neuquén,1916,1691,88854,5830,10241,1285,208,0,104778
2016,2,Río Negro,1189,6107,92158,1940,4877,5200,86,0,105131
2016,2,Salta,216,10123,70875,18759,7129,1400,49,0,109235
2016,2,San Juan,100,2730,57589,0,0,0,4,0,57876
2016,2,San Luis,120,40,13931,0,0,10,2,0,13950
2016,2,Santa Cruz,2440,260,31995,1420,200,0,0,0,32427
2016,2,Santa Fe,9486,67325,374960,68505,60469,6509,1277,0,588531
2016,2,Santiago Del Estero,7040,6705,22208,5943,2108,10,0,0,37669
2016,2,Tierra Del Fuego,160,2860,38773,0,0,0,0,0,39075
2016,2,Tucumán,2310,18515,83945,33891,1131,1032,2,0,148926
2016,1,Buenos Aires,7351,9788,2214760,289929,247372,8315,9529,0,2875136
2016,1,Capital Federal,231,43686,869048,178665,192644,6577,10838,0,1303768
2016,1,Catamarca,150,6102,14653,4241,1334,420,1,0,26388
2016,1,Chaco,1940,8755,46304,19388,10587,1238,184,0,86650
2016,1,Chubut,940,5095,72396,1066,0,0,0,0,78651
2016,1,Córdoba,1480,59484,414452,65763,66455,4143,1039,0,611484
2016,1,Corrientes,290,1069,47833,18375,7911,5260,170,0,85534
2016,1,Entre Ríos,2864,17749,104137,35104,14057,4570,165,0,174533
2016,1,Formosa,1738,5731,14163,3229,2906,5440,5,0,28316
2016,1,Jujuy,2543,8558,22383,5188,1623,0,0,0,40295
2016,1,La Pampa,4260,11065,52117,150,780,710,11,0,63783
2016,1,La Rioja,100,3382,9060,298,1254,20,3,0,16691
2016,1,Mendoza,2350,210,175376,470,430,50,17,0,175744
2016,1,Misiones,9590,8502,50061,19195,13363,7790,68,0,92927
2016,1,Neuquén,172,1737,86310,4790,7893,1430,171,0,98453
2016,1,Río Negro,1171,6105,90038,2030,4246,770,81,0,101921
2016,1,Salta,1119,10765,65646,17748,6643,1190,31,0,102071
2016,1,San Juan,90,3090,56447,0,0,0,2,0,56767
2016,1,San Luis,80,40,13645,0,0,10,2,0,13660
2016,1,Santa Cruz,1680,290,32188,80,0,0,0,0,32393
2016,1,Santa Fe,6492,71565,353525,64117,51293,3754,1063,0,551809
2016,1,Santiago Del Estero,7030,7219,22805,5769,1898,0,0,0,38394
2016,1,Tierra Del Fuego,160,2850,33003,0,0,0,0,0,33304
2016,1,Tucumán,1060,20092,84008,3149,10046,8710,0,0,146613
2015,4,Buenos Aires,7985,100303,2253197,27456,240188,3835,8180,0,2888246
2015,4,Capital Federal,2417,46568,916813,172029,198635,3087,10899,0,1350450
2015,4,Catamarca,150,6513,14484,4106,1313,390,1,0,26471
2015,4,Chaco,1940,9593,46771,18608,10092,1136,159,0,86553
2015,4,Chubut,6250,5774,71881,1680,0,0,0,0,78448
2015,4,Córdoba,1480,63746,427471,62989,67151,3336,1088,0,625929
2015,4,Corrientes,290,11248,48104,17877,7569,4560,150,0,85433
2015,4,Entre Ríos,2865,18883,104224,33989,13668,3990,163,0,174191
2015,4,Formosa,1791,6081,14279,2704,2713,5190,4,0,28091
2015,4,Jujuy,2551,8876,21867,5044,1587,0,0,0,39925
2015,4,La Pampa,5920,12951,48798,160,630,490,10,0,62479
2015,4,La Rioja,100,3638,9127,2937,1215,20,3,0,16932
2015,4,Mendoza,2410,230,174719,380,410,50,13,0,175080
2015,4,Misiones,9590,9169,51029,17281,1369,6750,52,0,92855
2015,4,Neuquén,1727,2061,89678,4550,7934,90,175,0,102039
2015,4,Río Negro,3282,4473,89062,2010,4024,50,75,0,101122
2015,4,Salta,1122,11387,65677,17139,6507,990,5,0,101936
2015,4,San Juan,90,3860,55761,0,0,0,2,0,56158
2015,4,San Luis,80,40,13473,0,0,10,2,0,13488
2015,4,Santa Cruz,1880,260,32338,30,0,0,0,0,32555
2015,4,Santa Fe,6659,7577,361264,60985,51258,3079,1189,0,560204
2015,4,Santiago Del Estero,7030,7836,23074,5669,1856,0,0,0,39138
2015,4,Tierra Del Fuego,160,2850,32662,0,0,0,0,0,32963
2015,4,Tucumán,1070,218,83887,29942,9507,8370,0,0,146080
2015,3,Buenos Aires,8361,107351,2266948,262564,200491,2642,7720,0,2856078
2015,3,Capital Federal,2448,4934,942525,159618,175594,2028,10022,0,1341574
2015,3,Catamarca,150,6871,14206,4143,8120,430,1,0,26091
2015,3,Chaco,2400,10353,47131,19016,7498,9790,157,0,85374
2015,3,Chubut,6410,5886,71668,1670,0,0,0,0,78362
2015,3,Córdoba,1500,68765,429787,61109,59372,2582,1048,0,622813
2015,3,Corrientes,330,11921,48127,18168,6111,4530,146,0,84959
2015,3,Entre Ríos,2863,20385,103990,34788,9924,3840,153,0,172487
2015,3,Formosa,1862,6521,14354,2791,1842,3790,2,0,27751
2015,3,Jujuy,2549,9278,21588,5169,9660,0,0,0,39550
2015,3,La Pampa,6130,13087,47660,90,550,390,10,0,61473
2015,3,La Rioja,100,384,9102,2984,8320,0,3,0,16771
2015,3,Mendoza,2560,250,173430,450,180,50,13,0,173792
2015,3,Misiones,9580,9809,51234,17367,11654,5590,43,0,91624
2015,3,Neuquén,1733,2124,85044,2100,6599,20,155,0,95867
2015,3,Río Negro,3372,4457,88691,990,3826,10,62,0,100508
2015,3,Salta,1126,12223,65405,17451,4318,610,5,0,100589
2015,3,San Juan,90,3910,54963,0,0,0,2,0,55365
2015,3,San Luis,90,40,13286,0,0,10,2,0,13302
2015,3,Santa Cruz,1900,250,32266,20,0,0,0,0,32483
2015,3,Santa Fe,6767,80817,363177,59531,42021,232,1133,0,555766
2015,3,Santiago Del Estero,7030,8332,23158,5956,1249,0,0,0,39398
2015,3,Tierra Del Fuego,150,2850,36408,20,0,0,0,0,36710
2015,3,Tucumán,1070,23687,83654,29998,6232,6230,0,0,144301
2015,2,Buenos Aires,8714,137189,2299705,243503,159922,201,6712,0,2857754
2015,2,Capital Federal,2493,51799,990112,148569,142976,1482,9258,0,1346690
2015,2,Catamarca,150,7253,14003,3776,5930,370,1,0,25678
2015,2,Chaco,2880,11058,47551,17675,6337,7880,149,0,83846
2015,2,Chubut,6560,6032,55791,1680,0,0,0,0,62647
2015,2,Córdoba,1560,72695,434717,54993,46415,1956,903,0,611835
2015,2,Corrientes,340,12542,48015,17184,5039,3790,126,0,83319
2015,2,Entre Ríos,2864,21986,104043,32293,7867,3540,136,0,169543
2015,2,Formosa,1881,6907,14247,2436,1324,2570,1,0,27053
2015,2,Jujuy,2479,9474,20248,4792,7300,0,0,0,37723
2015,2,La Pampa,5737,8182,46235,270,240,250,10,0,60240
2015,2,La Rioja,100,4082,9093,268,6410,0,3,0,16509
2015,2,Mendoza,2680,260,170451,420,160,50,13,0,170821
2015,2,Misiones,9580,1036,51671,15022,10072,4080,33,0,88524
2015,2,Neuquén,1755,2348,82727,2140,5168,20,110,0,92324
2015,2,Río Negro,3413,4525,87362,970,324,10,51,0,98689
2015,2,Salta,1123,1302,64737,16241,3114,290,5,0,98269
2015,2,San Juan,80,4100,51568,0,0,0,2,0,51988
2015,2,San Luis,90,40,13204,0,0,10,2,0,13220
2015,2,Santa Cruz,2100,250,25519,20,0,0,0,0,25756
2015,2,Santa Fe,6827,86016,364441,53205,33894,1856,1014,0,547253
2015,2,Santiago Del Estero,7030,8779,23456,5553,8880,0,0,0,39379
2015,2,Tierra Del Fuego,150,2850,36073,20,0,0,0,0,36375
2015,2,Tucumán,1070,25178,83462,26966,4502,4550,0,0,140670
2015,1,Buenos Aires,8882,123589,2267852,22007,126958,1561,5700,0,2754612
2015,1,Capital Federal,2545,59084,1013510,134151,114569,1195,8401,0,1333455
2015,1,Catamarca,130,7634,13754,3202,5170,90,1,0,25130
2015,1,Chaco,260,12053,47425,15883,5346,4890,135,0,81357
2015,1,Chubut,6510,6176,57333,1020,0,0,0,0,64262
2015,1,Córdoba,1570,78427,432802,46574,37443,1615,815,0,597833
2015,1,Corrientes,360,13295,47842,15554,4424,2350,98,0,81484
2015,1,Entre Ríos,2867,23951,104168,28113,6926,2740,119,0,166418
2015,1,Formosa,1891,7336,14413,2024,8780,1570,1,0,26700
2015,1,Jujuy,2458,9754,19858,3939,6030,0,0,0,36612
2015,1,La Pampa,6059,8054,45038,260,100,130,10,0,59210
2015,1,La Rioja,110,4201,9379,2207,5330,0,3,0,16334
2015,1,Mendoza,2870,240,169763,380,160,60,11,0,170145
2015,1,Misiones,9580,11136,51906,12387,8543,1940,26,0,85150
2015,1,Neuquén,1895,2577,80787,1700,4067,20,76,0,89574
2015,1,Río Negro,3371,4913,86173,940,2632,20,42,0,97227
2015,1,Salta,1123,14151,64992,13955,2569,150,5,0,96810
2015,1,San Juan,80,4450,51346,0,0,0,2,0,51801
2015,1,San Luis,100,80,12720,0,10,0,2,0,12741
2015,1,Santa Cruz,2050,270,26048,20,0,0,0,0,26282
2015,1,Santa Fe,6883,93096,360964,4527,27597,1542,900,0,536252
2015,1,Santiago Del Estero,7010,9236,23136,4796,7480,0,0,0,38617
2015,1,Tierra Del Fuego,140,6090,36319,20,0,0,0,0,36944
2015,1,Tucumán,1070,27143,83895,23061,3722,3340,0,0,138262
2014,4,Buenos Aires,8226,132937,2250445,20362,104322,9970,5406,0,2705954
2014,4,Capital Federal,2698,62896,1038269,123451,95772,8900,7997,0,1331972
2014,4,Catamarca,210,8047,14093,291,4210,0,1,0,25493
2014,4,Chaco,4830,12837,42106,7908,26,1240,2,0,66060
2014,4,Chubut,1858,6218,60392,700,0,0,0,0,68538
2014,4,Córdoba,1903,85362,427844,41947,30858,1177,782,0,589873
2014,4,Corrientes,400,1386,42182,7513,2106,0,9,0,65710
2014,4,Entre Ríos,2311,27801,88649,18318,3584,10,66,0,140730
2014,4,Formosa,1947,783,14058,1852,4730,470,1,0,26208
2014,4,Jujuy,188,10427,19740,3443,4650,0,0,0,35955
2014,4,La Pampa,6266,6879,36520,260,50,40,10,0,49710
2014,4,La Rioja,90,4333,9728,1943,3860,0,3,0,16402
2014,4,Mendoza,3030,190,169222,360,140,50,12,0,169611
2014,4,Misiones,5470,1184,53093,8731,2952,540,12,0,77229
2014,4,Neuquén,1731,2744,80938,1260,3621,20,66,0,89228
2014,4,Río Negro,364,4723,85094,940,2319,40,30,0,95904
2014,4,Salta,540,16214,63221,12552,1922,0,4,0,93967
2014,4,San Juan,110,4780,51628,0,0,0,2,0,52119
2014,4,San Luis,90,0,13135,0,0,10,2,0,13147
2014,4,Santa Cruz,1560,14,24145,10,10,0,0,0,25703
2014,4,Santa Fe,8707,99962,359293,36718,21098,8690,824,0,527471
2014,4,Santiago Del Estero,1246,8913,24181,4359,6020,0,0,0,39301
2014,4,Tierra Del Fuego,120,2830,31489,20,0,0,0,0,31786
2014,4,Tucumán,170,28746,85091,20631,2733,1960,0,0,137414
2014,3,Buenos Aires,7355,128187,2281524,156693,68947,2430,4232,0,2647181
2014,3,Capital Federal,8400,78016,1060145,10217,70907,950,6626,0,1318799
2014,3,Catamarca,190,8845,13790,1915,1110,0,0,0,24680
2014,3,Chaco,3980,14731,41934,5428,1274,50,0,0,63770
2014,3,Chubut,2013,6281,60771,340,0,0,0,0,69099
2014,3,Córdoba,6600,98992,435692,28992,18888,840,664,0,583972
2014,3,Corrientes,210,15448,41717,5181,1172,0,0,0,63539
2014,3,Entre Ríos,1709,2971,91450,12569,131,0,48,0,136796
2014,3,Formosa,2001,8323,14202,1324,850,0,0,0,25935
2014,3,Jujuy,1270,10979,20216,2305,820,0,0,0,33709
2014,3,La Pampa,6458,6645,41009,240,50,40,10,0,54155
2014,3,La Rioja,100,4785,9720,1337,610,0,0,0,15913
2014,3,Mendoza,350,0,167763,310,120,130,1,0,167855
2014,3,Misiones,6400,13637,53510,5928,1606,0,1,0,75322
2014,3,Neuquén,1522,3099,80090,1070,2865,100,27,0,87720
2014,3,Río Negro,364,5189,86868,870,1944,80,9,0,97745
2014,3,Salta,7320,17481,66026,8314,3880,0,0,0,92941
2014,3,San Juan,80,4870,51276,0,0,0,0,0,51771
2014,3,San Luis,80,0,13029,0,0,30,0,0,13040
2014,3,Santa Cruz,1950,1624,24248,10,10,0,0,0,26069
2014,3,Santa Fe,823,112593,357615,23962,12124,380,806,0,515368
2014,3,Santiago Del Estero,7910,9914,23826,2867,1420,0,0,0,37540
2014,3,Tierra Del Fuego,120,3360,32348,20,0,0,0,0,32698
2014,3,Tucumán,60,32716,84668,14101,5590,40,0,0,132054
2014,2,Buenos Aires,6902,162274,2288772,140226,56549,2840,4309,0,2659316
2014,2,Capital Federal,8470,81431,1078213,87359,56004,590,6427,0,1310340
2014,2,Catamarca,190,8844,13794,1915,1110,0,0,0,24683
2014,2,Chaco,4120,14854,41530,5418,1085,50,0,0,63304
2014,2,Chubut,2064,6582,61868,0,0,0,0,0,70514
2014,2,Córdoba,2105,101598,429536,28698,14824,760,627,0,577464
2014,2,Corrientes,200,15563,41219,5199,9560,0,0,0,62957
2014,2,Entre Ríos,2187,32781,86757,12564,1162,0,44,0,135495
2014,2,Formosa,2032,8218,13944,1321,850,0,0,0,25600
2014,2,Jujuy,1873,11233,18851,2305,820,0,0,0,34344
2014,2,La Pampa,7032,6761,34089,180,50,40,10,0,47919
2014,2,La Rioja,100,4785,9719,1337,610,0,0,0,15912
2014,2,Mendoza,350,60,166710,310,100,50,10,0,166807
2014,2,Misiones,5400,13644,53245,5924,1334,20,0,0,74689
2014,2,Neuquén,1531,3206,79087,920,2289,20,30,0,86237
2014,2,Río Negro,3468,5507,84978,780,1569,20,8,0,95610
2014,2,Salta,530,18818,64440,8293,3880,0,0,0,91992
2014,2,San Juan,100,5070,51129,0,0,0,0,0,51646
2014,2,San Luis,70,0,13045,0,0,10,2,0,13055
2014,2,Santa Cruz,1530,1637,25374,20,0,0,0,0,27166
2014,2,Santa Fe,8515,115197,353559,23939,10058,340,792,0,512094
2014,2,Santiago Del Estero,1231,9914,23842,2867,1420,0,0,0,37996
2014,2,Tierra Del Fuego,120,3340,31198,20,0,0,0,0,31546
2014,2,Tucumán,60,32714,84675,14101,5590,40,0,0,132059
2014,1,Buenos Aires,8469,171244,2279875,121787,38923,2060,4037,0,2624542
2014,1,Capital Federal,8520,88826,1096050,70293,38798,550,6208,0,1301081
2014,1,Catamarca,190,9147,13330,1672,640,0,0,0,24232
2014,1,Chaco,4380,15849,40869,4644,7410,50,0,0,62546
2014,1,Chubut,7452,100,61329,0,0,0,0,0,68791
2014,1,Córdoba,2076,107705,423114,24112,9818,400,588,0,567453
2014,1,Corrientes,200,16357,40742,4486,6300,0,0,0,62235
2014,1,Entre Ríos,2177,35206,85248,10828,7460,0,43,0,134248
2014,1,Formosa,2062,8475,13685,1133,670,0,0,0,25422
2014,1,Jujuy,1832,11498,18415,2002,560,0,0,0,33803
2014,1,La Pampa,7434,6535,32501,170,50,40,10,0,46506
2014,1,La Rioja,100,5111,9390,1165,350,0,0,0,15711
2014,1,Mendoza,350,60,166655,190,100,60,9,0,166740
2014,1,Misiones,5450,1446,52852,5139,9580,0,0,0,73954
2014,1,Neuquén,4133,9870,77148,840,1582,20,22,0,83958
2014,1,Río Negro,467,4618,84304,730,1062,10,8,0,94736
2014,1,Salta,530,19677,64061,7192,3140,0,0,0,91297
2014,1,San Juan,5310,20,51056,0,0,0,0,0,51589
2014,1,San Luis,70,30,12544,0,10,0,2,0,12557
2014,1,Santa Cruz,1610,1625,24972,10,10,0,0,0,26760
2014,1,Santa Fe,8456,124468,345225,20328,6845,230,668,0,506013
2014,1,Santiago Del Estero,1234,10531,22817,2422,1090,0,0,0,37113
2014,1,Tierra Del Fuego,120,6070,30902,60,0,0,0,0,31527
2014,1,Tucumán,60,34672,83210,11779,3620,30,0,0,130032
